nodes,workload,substrate,blocks,iters,status,ranks,total_ms_max,ms_per_iter,comm_ms_max,comm_ms_mean,compute_ms_mean,comm_pct_mean,comm_undercounted,log
4,gmx,ccl,1024,400,OK,4,127206.8,318.017,1440.6,936.5999999999999,126270.175,0.7362815384636548,0,scale_4_gmxlbann.log
4,gmx,eternia,1024,400,OK,4,121219.5,303.04875,240.4,234.675,120545.6,0.1942991105128714,1,scale_4_gmxlbann.log
4,gmx,ishmem,1024,400,OK,4,127336.5,318.34125,1595.0,1010.775,126323.35,0.7937974207621091,0,scale_4_gmxlbann.log
4,gmx,mpi,1024,400,OK,4,127075.7,317.68925,1333.1,783.275,126292.42499999999,0.6163845644761351,0,scale_4_gmxlbann.log
4,grayscott,ccl,1024,2000,OK,4,120479.6,60.2398,15456.0,10605.25,109874.3,8.802531217953586,0,scale_4_kmeansgrayscott.log
4,grayscott,eternia,1024,2000,OK,4,140411.4,70.2057,33835.6,29663.475,108653.0,21.446089484278716,0,scale_4_kmeansgrayscott.log
4,grayscott,ishmem,1024,2000,OK,4,122101.4,61.0507,15910.3,11567.4,110533.775,9.473618906615764,0,scale_4_kmeansgrayscott.log
4,grayscott,mpi,1024,2000,OK,4,120700.0,60.35,14250.9,10582.949999999999,110117.05,8.76797845898923,0,scale_4_kmeansgrayscott.log
4,kmeans,ccl,1024,300,OK,4,129516.6,431.72200000000004,2055.1,1114.225,128402.3,0.8602956263689131,0,rerun_4_kmeanslbann.log
4,kmeans,eternia,1024,300,OK,4,141830.1,472.767,8613.1,6387.375,135442.575,4.503544561638779,0,rerun_4_kmeanslbann.log
4,kmeans,ishmem,1024,300,OK,4,129628.7,432.09566666666666,2194.2,1416.875,128211.4,1.0930292792988259,0,rerun_4_kmeanslbann.log
4,kmeans,mpi,1024,300,OK,4,129408.2,431.36066666666665,1977.7,971.1,128437.1,0.7504161250987187,0,rerun_4_kmeanslbann.log
4,lbann,ccl,1024,60,OK,4,121639.9,2027.3316666666665,2471.7,1859.0749999999998,119780.79999999999,1.5283433989059918,0,rerun_4_kmeanslbann.log
4,lbann,eternia,1024,60,OK,4,110130.1,1835.5016666666668,5612.3,5103.575,104234.175,4.667715404789289,0,rerun_4_kmeanslbann.log
4,lbann,ishmem,1024,60,FAILED,4,123212.0,2053.5333333333333,2426.4,1709.15,121501.85,1.3871732231700091,0,rerun_4_kmeanslbann.log
4,lbann,mpi,1024,60,OK,4,121064.9,2017.7483333333332,2231.5,1461.125,119603.775,1.206893988265798,0,rerun_4_kmeanslbann.log
8,gmx,ccl,1024,400,OK,8,123107.8,307.7695,5129.3,2132.125,120975.6125,1.7319179470746102,0,scale_8_gmxlbann.log
8,gmx,eternia,1024,400,OK,8,123444.0,308.61,134.3,128.5625,122323.075,0.1049904293848255,1,scale_8_gmxlbann.log
8,gmx,ishmem,1024,400,OK,8,123076.1,307.69025,5043.1,2138.3125,120937.1625,1.7373993478392018,0,scale_8_gmxlbann.log
8,gmx,mpi,1024,400,OK,8,122876.2,307.1905,4882.7,1924.775,120951.3625,1.5664351428689725,0,scale_8_gmxlbann.log
8,grayscott,ccl,1024,2000,OK,8,124775.0,62.3875,20228.8,15647.8375,109127.0875,12.540851056412176,0,scale_8_kmeansgrayscott.log
8,grayscott,eternia,1024,2000,OK,8,143513.2,71.7566,36209.1,32593.075,108820.4625,23.04805860612885,0,scale_8_kmeansgrayscott.log
8,grayscott,ishmem,1024,2000,OK,8,127338.5,63.66925,20749.9,17371.775,109966.3,13.642247222600155,0,scale_8_kmeansgrayscott.log
8,grayscott,mpi,1024,2000,OK,8,124271.1,62.13555,19480.6,14997.5375,109273.5625,12.068403273166489,0,scale_8_kmeansgrayscott.log
8,kmeans,ccl,1024,300,OK,8,129962.4,433.20799999999997,2119.8,1041.9,128920.4375,0.8016937984052497,0,rerun_8_kmeanslbann.log
8,kmeans,eternia,1024,300,OK,8,144669.7,482.2323333333334,10429.6,8799.125,135869.975,6.082242165051141,0,rerun_8_kmeanslbann.log
8,kmeans,ishmem,1024,300,OK,8,129818.5,432.72833333333335,2392.0,1236.2,128581.7375,0.95225669411055,0,rerun_8_kmeanslbann.log
8,kmeans,mpi,1024,300,OK,8,129654.3,432.181,1878.7,774.925,128879.28749999999,0.5976859409793569,0,rerun_8_kmeanslbann.log
8,lbann,ccl,1024,60,OK,8,142758.0,2379.3,3735.9,2576.1875,140181.8125,1.8045836310399417,0,rerun_8_kmeanslbann.log
8,lbann,eternia,1024,60,OK,8,139680.7,2328.0116666666668,12648.6,10177.85,126419.0,7.451013694678903,0,rerun_8_kmeanslbann.log
8,lbann,ishmem,1024,60,FAILED,8,145379.4,2422.99,4338.5,3192.7125,142186.175,2.1961321584607667,0,rerun_8_kmeanslbann.log
8,lbann,mpi,1024,60,OK,8,142900.9,2381.6816666666664,3938.4,2706.2125,140194.6375,1.8937693512669798,0,rerun_8_kmeanslbann.log
16,gmx,ccl,512,400,OK,16,146253.9,365.63475,5574.4,4544.30625,141709.58125,3.107135357342211,0,rerun_16_gmxlbann.log
16,gmx,eternia,512,400,OK,16,143295.0,358.2375,65.8,63.44375,140484.58125,0.04514026433313453,0,rerun_16_gmxlbann.log
16,gmx,ishmem,512,400,OK,16,145980.8,364.952,5364.8,4310.725,141669.625,2.952948804411005,0,rerun_16_gmxlbann.log
16,gmx,mpi,512,400,OK,16,146046.0,365.115,5475.8,4326.0,141719.53125,2.9620899475484634,0,rerun_16_gmxlbann.log
16,grayscott,ccl,1024,2000,OK,16,124381.2,62.190599999999996,19237.0,15497.73125,108883.38125,12.459875087545948,0,scale_16_kmeansgrayscott.log
16,grayscott,eternia,1024,2000,OK,16,144759.4,72.3797,37553.7,33163.24375,108345.825,23.435419399578233,0,scale_16_kmeansgrayscott.log
16,grayscott,ishmem,1024,2000,OK,16,129069.0,64.5345,23163.9,20006.2625,109062.41875,15.500477967423256,0,scale_16_kmeansgrayscott.log
16,grayscott,mpi,1024,2000,OK,16,124787.3,62.39365,20240.3,16204.2875,108583.0125,12.98552617133314,0,scale_16_kmeansgrayscott.log
16,kmeans,ccl,1024,300,OK,16,129536.3,431.78766666666667,2095.8,1379.34375,128156.95625,1.0648318270631476,0,rerun_16_kmeans.log
16,kmeans,eternia,1024,300,OK,16,150153.4,500.5113333333333,19520.9,17061.13125,133091.81875,11.362501535933857,0,rerun_16_kmeans.log
16,kmeans,ishmem,1024,300,OK,16,129735.3,432.451,2326.1,1766.3125,127968.73125,1.3614767829451633,0,rerun_16_kmeans.log
16,kmeans,mpi,1024,300,OK,16,129347.6,431.1586666666667,1931.4,1167.0625,128180.3875,0.9022694301279229,0,rerun_16_kmeans.log
16,lbann,ccl,1024,60,OK,16,187210.1,3120.1683333333335,5627.4,4211.18125,182998.91875,2.249441269461423,0,rerun_16_gmxlbann.log
16,lbann,eternia,1024,60,OK,16,200395.4,3339.923333333333,22152.0,19570.0875,177394.6375,9.935833687986518,0,rerun_16_gmxlbann.log
16,lbann,ishmem,1024,60,OK,16,245542.0,4092.366666666667,61571.4,60795.200000000004,184745.58125,24.759715958588856,0,scale_16_gmxlbann.log
16,lbann,mpi,1024,60,OK,16,190111.0,3168.516666666667,8498.4,7166.0875,182944.9125,3.7694228634850164,0,rerun_16_gmxlbann.log
24,gmx,ccl,256,400,OK,24,157693.1,394.23275,13168.6,9431.916666666666,148261.17916666667,5.981185553383585,0,scale_24_gmxlbann.log
24,gmx,eternia,256,400,OK,24,126865.2,317.163,60.9,58.49583333333334,123661.29166666667,0.04728090349600167,0,scale_24_gmxlbann.log
24,gmx,ishmem,256,400,OK,24,157966.4,394.916,13485.8,9699.933333333332,148265.97083333335,6.140523415166305,0,scale_24_gmxlbann.log
24,gmx,mpi,256,400,OK,24,157001.1,392.50275,12517.0,8817.362500000001,148183.49166666667,5.616123903784493,0,scale_24_gmxlbann.log
24,grayscott,ccl,1024,2000,OK,24,123969.8,61.9849,20503.4,15032.883333333333,108936.91666666667,12.126246338489965,0,scale_24_kmeansgrayscott.log
24,grayscott,eternia,1024,2000,OK,24,142792.6,71.3963,35377.0,32700.829166666666,108718.3875,23.1233278881359,0,scale_24_kmeansgrayscott.log
24,grayscott,ishmem,1024,2000,OK,24,133413.4,66.7067,27118.6,24488.8625,108923.89166666666,18.35571317972129,0,scale_24_kmeansgrayscott.log
24,grayscott,mpi,1024,2000,OK,24,123839.3,61.919650000000004,20269.8,14946.4125,108892.79166666667,12.069209101089386,0,scale_24_kmeansgrayscott.log
24,kmeans,ccl,1024,300,OK,24,130035.4,433.4513333333333,2597.3,1632.0416666666667,128403.2375,1.255076066376474,0,scale_24_kmeansgrayscott.log
24,kmeans,eternia,1024,300,OK,24,151583.4,505.27799999999996,21244.6,18499.645833333332,133083.15416666667,12.204317266426886,0,scale_24_kmeansgrayscott.log
24,kmeans,ishmem,1024,300,OK,24,130411.0,434.7033333333333,2993.3,2255.7791666666667,128153.15833333333,1.7297734418445565,0,scale_24_kmeansgrayscott.log
24,kmeans,mpi,1024,300,OK,24,129889.6,432.9653333333334,2469.7,1455.220833333333,128434.28333333333,1.120352905086217,0,scale_24_kmeansgrayscott.log
24,lbann,ccl,1024,40,OK,24,154722.2,3868.0550000000003,12640.6,11670.129166666666,143051.99583333335,7.542637594116979,0,scale_24_gmxlbann.log
24,lbann,eternia,1024,40,OK,24,223540.0,5588.5,86017.5,79470.45416666666,143778.15833333333,35.59728917314846,0,scale_24_gmxlbann.log
24,lbann,ishmem,1024,40,OK,24,176604.0,4415.1,33754.4,32930.941666666666,143670.625,18.647026913879778,0,scale_24_gmxlbann.log
24,lbann,mpi,1024,40,OK,24,175099.6,4377.49,32994.1,32165.725000000002,142933.87083333335,18.369959591806598,0,scale_24_gmxlbann.log
64,gmx,ccl,128,400,OK,64,157432.5,393.58125,7252.5,3769.021875,153663.353125,2.394057686673405,0,rerun_64_gsgmx.log
64,gmx,eternia,128,400,OK,64,151566.2,378.9155,52.2,51.0953125,148304.6328125,0.03444107830939204,0,rerun_64_gsgmx.log
64,gmx,ishmem,128,400,OK,64,157603.4,394.00849999999997,7182.7,3875.8234375,153725.571875,2.459257057854609,0,rerun_64_gsgmx.log
64,gmx,mpi,128,400,OK,64,157102.3,392.75575,6987.2,3394.428125,153707.80781250002,2.160649149736103,0,rerun_64_gsgmx.log
64,grayscott,ccl,1024,2000,OK,64,126610.8,63.3054,22329.3,17438.81875,109171.8859375,13.77357372193956,0,rerun_64_gsgmx.log
64,grayscott,eternia,1024,2000,OK,64,142497.7,71.24885,35429.4,33714.3546875,108602.3046875,23.68967542911735,0,rerun_64_gsgmx.log
64,grayscott,ishmem,1024,2000,OK,64,193218.0,96.609,87665.6,86400.221875,106814.7109375,44.717155458602505,0,rerun_64_gsgmx.log
64,grayscott,mpi,1024,2000,OK,64,126536.0,63.268,22637.4,17420.9734375,109114.778125,13.767629482087703,0,rerun_64_gsgmx.log
64,kmeans,ccl,1024,300,OK,64,132238.2,440.79400000000004,4804.6,4215.30625,128022.746875,3.1876650860969784,0,scale_64_kmeansgrayscott.log
64,kmeans,eternia,1024,300,OK,64,156623.4,522.078,27816.2,24830.665625,131791.6234375,15.85385181996117,0,rerun_64_eternia.log
64,kmeans,ishmem,1024,300,OK,64,132775.7,442.5856666666667,5366.4,4943.9859375,127830.590625,3.7235938275975244,0,scale_64_kmeansgrayscott.log
64,kmeans,mpi,1024,300,OK,64,132131.5,440.43833333333333,4714.9,4089.0640625,128040.484375,3.0947385432367627,0,scale_64_kmeansgrayscott.log
64,lbann,ccl,1024,15,OK,64,128843.2,8589.546666666667,13800.0,11361.8609375,117481.2609375,8.818368238952608,0,scale_64_gmxlbann.log
64,lbann,eternia,1024,15,OK,64,147765.4,9851.026666666667,26169.5,22189.309375,121660.928125,15.425285185921227,0,rerun_64_eternia_b.log
64,lbann,mpi,1024,15,OK,64,134791.0,8986.066666666668,19622.0,17149.8421875,117641.040625,12.723295396288915,0,scale_64_gmxlbann.log
