,cost_ms,compress_ms,decompress_ms,stored_bytes,ratio,candidate
spratio,7358.37527064677,102.0776001661,108.1550079637,3402794812.2136865,1.6171785698768224,True
ndzip,8087.997136995323,94.5223687886,63.0917117886,3773632891.1584973,1.4582570712941325,True
spspeed,8166.288919882401,79.5740799638,78.2659840481,3809697215.8325205,1.44445254733911,True
ans shuffle=bit,8511.203107462969,393.987071714,248.9858241486,3714471549.561283,1.481483105894283,True
spratio shuffle=bit,8560.567074948383,134.2779518961,121.3947199056,3917091400.546995,1.4048502537447949,True
bitcomp shuffle=bit type=int,8588.991118703447,314.552320138,346.3121597388,3742333028.512381,1.4704535395631197,True
bitcomp type=int,8679.661257333852,323.751423761,374.1919359809,3765123579.950585,1.4615527833676638,True
spratio shuffle=byte,8731.428003949279,104.4986238585,121.8186560105,4024459674.108315,1.3673703536908377,True
gpulz shuffle=bit,8895.03576133983,338.466815785,728.71219242,3697312048.502602,1.488358779516234,True
ndzip shuffle=bit,8955.383631734452,124.1477128591,85.5511050504,4124977925.153346,1.33405001138168,True
spspeed shuffle=bit,8957.600980641473,111.8908160448,103.4820800909,4120545425.799774,1.335485058250975,True
ans shuffle=byte,8963.626632892732,327.365631502,229.4950399177,3957345870.238385,1.3905599936021036,True
bitcomp algo=1 shuffle=bit type=char,8965.062891020543,324.41753663,244.5851202235,3959832183.1348906,1.3896868840647392,True
gpulz shuffle=byte,8992.103262558847,310.813696324,674.41868852,3781459949.57953,1.4552386965282773,True
cascaded bp=1 delta=0 rle=1 shuffle=byte type=int,9259.51826595747,552.051712244,357.666208318,3946722408.818809,1.3943029881462927,True
cascaded bp=1 delta=0 rle=1 shuffle=bit type=int,9339.025320978604,575.9621112789999,377.36953567,3953341380.5404406,1.3919685446561976,True
cascaded bp=1 delta=0 rle=0 shuffle=bit type=int,9613.048253443885,413.593601308,261.585535928,4212553215.642151,1.30631628048434,True
ndzip shuffle=byte,9618.144129356342,97.1458563484,81.1601919652,4461999627.809698,1.233287159797741,True
spspeed shuffle=byte,9621.50242712546,82.7672000274,101.5753920956,4457080379.931648,1.2346483300542115,True
bitcomp algo=1 shuffle=byte type=char,9775.933828604551,262.865919943,222.1565759798,4386926004.3510685,1.2543924475913322,True
bitcomp shuffle=byte type=int,9852.562369745548,294.1715512271,396.2267196324,4330051797.504237,1.2708685958841848,True
cascaded bp=1 delta=0 rle=0 type=int,9946.006985746659,438.102976226,245.4692799908,4425717840.503731,1.2433975789504155,True
ans,10006.44420617625,291.514015779,193.3213120658,4486592830.983174,1.2265269114679413,True
cascaded bp=1 delta=0 rle=1 type=int,10067.348386858499,555.645216045,308.5383354297,4396758471.02959,1.2515872509847872,True
ans type=float16,10327.167674292752,272.391040118,167.6178240222,4682880768.132985,1.175115729071607,True
cascaded bp=1 delta=0 rle=0 shuffle=byte type=int,10394.755989068588,387.886081241,248.6017603943,4656539798.623652,1.1817630871804246,True
gpulz,10442.995205998215,318.787583427,449.184768,4610719623.235436,1.1935071523907765,True
bitcomp algo=1 type=char,11182.689025512362,228.742399816,152.9439680924,5185849399.867258,1.061142818405189,True
store (raw),11588.861952,0.0,0.0,5502926848.0,1.0,True
lz4 bitshuffle=msb type=int,11899.564207025367,5072.899873583,1633.275072378,2455668497.0518456,2.2409078646431886,True
snappy shuffle=byte,12457.503821076283,7402.50009694,819.571233075,2011723815.0239236,2.735428594573037,True
snappy shuffle=bit,14799.254796181587,9259.72683376,901.758015975,2202493225.1464624,2.4984988762605904,True
lz4 shuffle=byte,17312.920621659,9653.060610383,3479.55187003,1991293977.1378481,2.7634929403590807,True
gdeflate level=1 shuffle=byte,17575.681804119384,11040.747516172,2641.26376984,1846624392.0494895,2.9799925050770812,True
lz4,17878.58489064273,9574.30594303,2391.5383995065,2818180288.175276,1.9526525222994346,True
snappy,17923.348963137778,10035.43195648,804.419808823,3356932197.190283,1.6392725633856686,True
lz4 shuffle=bit,20259.720115923665,11760.305136327,3761.417408268,2246411612.7988577,2.449652065831236,True
gdeflate level=1 shuffle=bit,20631.105402750196,13415.255025769,2864.386848025,2065994839.9009235,2.6635724067267743,True
zstd shuffle=byte,20766.608028304105,13540.05195321,3792.6802575,1628444575.9078338,3.3792533865834518,True
deflate level=1 shuffle=byte,21602.433550053276,11856.145414522,5900.211579045,1823874356.9559972,3.0171633407820115,True
gdeflate level=1,22312.808408311532,13484.988648401,2770.441888254,2879717348.1732345,1.9109260328937538,True
zstd,22337.162669686553,13488.39113244,4561.698271472,2035039793.9827096,2.704088079393476,True
zstd shuffle=bit,25214.833560962197,17241.20167313,4154.104253217,1815326142.9711351,3.0313709023070574,True
deflate level=1 shuffle=bit,25638.772816615383,14273.19501321,7070.832129696,2038856175.9442036,2.699026499724322,True
deflate level=1,28448.134800332973,14525.3226194,7917.543465783,2855100006.1940355,1.9274024853986202,True
