workload,option,cost_model,app_s,ratio,source,time_vs_static_pct,ratio_vs_static_pct,runs,app_s_min,app_s_max,time_vs_static_min,time_vs_static_max,ratio_vs_static_min,ratio_vs_static_max
Nyx,best static,1/40/5 at 0.5 GB/s,464.2082789623349,1.736773914468045,estimate (spratio),0.0,0.0,1,464.2082789623349,464.2082789623349,0.0,0.0,0.0,0.0
Nyx,NeuroPress,1/40/5 at 0.5 GB/s,397.3891590312648,2.190171513765511,estimate,-14.394211167546125,26.10573520942918,1,397.3891590312648,397.3891590312648,-14.394211167546125,-14.394211167546125,26.10573520942918,26.10573520942918
Nyx,cost oracle,1/40/5 at 0.5 GB/s,368.4335715201777,2.3057521955315785,estimate,-20.63183958206144,32.76064180396246,1,368.4335715201777,368.4335715201777,-20.63183958206144,-20.63183958206144,32.76064180396246,32.76064180396246
Nyx,time oracle,1/40/5 at 0.5 GB/s,357.528363373,2.483763960617494,measured (does not depend on the cost bandwidth),-22.981045453950365,43.010206448099744,1,357.528363373,357.528363373,-22.981045453950365,-22.981045453950365,43.010206448099744,43.010206448099744
VPIC,best static,1/40/5 at 0.5 GB/s,268.573758575,1.6517426369270527,measured,0.0,0.0,1,268.573758575,268.573758575,0.0,0.0,0.0,0.0
VPIC,NeuroPress,1/40/5 at 0.5 GB/s,210.21417913,2.107868630426001,measured,-21.72944212965725,27.61483437562269,1,210.21417913,210.21417913,-21.72944212965725,-21.72944212965725,27.61483437562269,27.61483437562269
VPIC,cost oracle,1/40/5 at 0.5 GB/s,208.434679834,2.16889680747473,measured,-22.39201590657487,31.30960955938058,1,208.434679834,208.434679834,-22.39201590657487,-22.39201590657487,31.30960955938058,31.30960955938058
VPIC,time oracle,1/40/5 at 0.5 GB/s,190.979426766,2.2888562802245933,measured,-28.89125587723105,38.57221028591018,1,190.979426766,190.979426766,-28.89125587723105,-28.89125587723105,38.57221028591018,38.57221028591018
WarpX,best static,1/20/1 at 0.5 GB/s,201.857146793,1.87701372353282,measured,0.0,0.0,1,201.857146793,201.857146793,0.0,0.0,0.0,0.0
WarpX,NeuroPress,1/20/1 at 0.5 GB/s,189.884501116,2.1145785820314384,measured,-5.931246858094985,12.65653284897066,1,189.884501116,189.884501116,-5.931246858094985,-5.931246858094985,12.65653284897066,12.65653284897066
WarpX,cost oracle,1/20/1 at 0.5 GB/s,161.992577274,2.375466373527917,measured,-19.748901712100498,26.55562097100359,1,161.992577274,161.992577274,-19.748901712100498,-19.748901712100498,26.55562097100359,26.55562097100359
WarpX,time oracle,1/20/1 at 0.5 GB/s,147.182288072,2.870103753600205,measured,-27.085916743422437,52.90797918079371,1,147.182288072,147.182288072,-27.085916743422437,-27.085916743422437,52.90797918079371,52.90797918079371
incflo,best static,1/40/5 at 0.5 GB/s,196.2820565612453,1.8524039914589716,estimate (spratio shuffle=byte),0.0,0.0,1,196.2820565612453,196.2820565612453,0.0,0.0,0.0,0.0
incflo,NeuroPress,1/40/5 at 0.5 GB/s,161.87551364104235,2.520436539698375,estimate,-17.52913308683779,36.06300522561792,1,161.87551364104235,161.87551364104235,-17.52913308683779,-17.52913308683779,36.06300522561792,36.06300522561792
incflo,cost oracle,1/40/5 at 0.5 GB/s,155.03783166296745,2.5770087855119166,estimate,-21.012733217113265,39.1169959357645,1,155.03783166296745,155.03783166296745,-21.012733217113265,-21.012733217113265,39.1169959357645,39.1169959357645
incflo,time oracle,1/40/5 at 0.5 GB/s,150.50754956,4.220385677643431,measured (does not depend on the cost bandwidth),-23.32078020945456,127.83289698698042,1,150.50754956,150.50754956,-23.32078020945456,-23.32078020945456,127.83289698698042,127.83289698698042
