blob,bytes,fnv1a64,lib,codec,ratio,stored,compress_ms,preproc_ms,h2d_ms,decompress_ms,rc,stored_ratio
fields/00000__plt00000__fab0000_comp00_u.f32__c0000__dt-f32/chunk_0,4194304,6f1673efaeff6e25,24,np-setting,28.5249,147064,0.053248,0,0,0.029696,0,28.5203
fields/00000__plt00000__fab0000_comp00_u.f32__c0001__dt-f32/chunk_0,4194304,ba470819a6ff6e25,24,np-setting,232.888,18034,0.06464,0,0,0.074496,0,232.578
fields/00001__plt00000__fab0000_comp01_v.f32__c0000__dt-f32/chunk_0,4194304,75ce4c3800431665,24,np-setting,551.592,7628,0.05472,0,0,0.070496,0,549.856
fields/00001__plt00000__fab0000_comp01_v.f32__c0001__dt-f32/chunk_0,4194304,76744548f2431665,24,np-setting,551.592,7628,0.062016,0,0,0.069152,0,549.856
fields/00002__plt00001__fab0000_comp00_u.f32__c0000__dt-f32/chunk_0,4194304,b3e46020d9efe71,24,np-setting,143.739,29204,0.05744,0,0,0.077536,0,143.621
fields/00002__plt00001__fab0000_comp00_u.f32__c0001__dt-f32/chunk_0,4194304,1e0b530494d1a541,24,np-setting,143.665,29219,0.056992,0,0,0.077344,0,143.547
fields/00003__plt00001__fab0000_comp01_v.f32__c0000__dt-f32/chunk_0,4194304,8e7304267679a401,24,np-setting,5.96755,702876,0.063456,0,0,0.07424,0,5.96735
fields/00003__plt00001__fab0000_comp01_v.f32__c0001__dt-f32/chunk_0,4194304,b442f16e2a2ee00d,24,np-setting,5.96768,702861,0.064224,0,0,0.083136,0,5.96747
fields/00004__plt00002__fab0000_comp00_u.f32__c0000__dt-f32/chunk_0,4194304,79730bef0ab186c5,24,np-setting,190.52,22039,0.072032,0,0,0.075808,0,190.313
fields/00004__plt00002__fab0000_comp00_u.f32__c0001__dt-f32/chunk_0,4194304,a63f6d68380e71fd,24,np-setting,190.633,22026,0.063264,0,0,0.075744,0,190.425
fields/00005__plt00002__fab0000_comp01_v.f32__c0000__dt-f32/chunk_0,4194304,b287f7f428549949,24,np-setting,3.47406,1207344,0.062464,0,0,0.036864,0,3.47399
fields/00005__plt00002__fab0000_comp01_v.f32__c0001__dt-f32/chunk_0,4194304,93608e17bba3bd19,24,np-setting,4.45623,941247,0.064224,0,0,0.071104,0,4.45611
fields/00006__plt00003__fab0000_comp00_u.f32__c0000__dt-f32/chunk_0,4194304,c585ebf7879070e5,24,np-setting,232.294,18080,0.078848,0,0,0.075104,0,231.986
fields/00006__plt00003__fab0000_comp00_u.f32__c0001__dt-f32/chunk_0,4194304,14818ca9c87ce8ad,24,np-setting,232.655,18052,0.059968,0,0,0.081664,0,232.346
fields/00007__plt00003__fab0000_comp01_v.f32__c0000__dt-f32/chunk_0,4194304,e81866384704941,24,np-setting,4.12223,1017509,0.06096,0,0,0.078784,0,4.12213
fields/00007__plt00003__fab0000_comp01_v.f32__c0001__dt-f32/chunk_0,4194304,f6b93995e0c9305,24,np-setting,4.12226,1017501,0.066432,0,0,0.077696,0,4.12216
fields/00008__plt00004__fab0000_comp00_u.f32__c0000__dt-f32/chunk_0,4194304,c585ebf7879070e5,24,np-setting,232.294,18080,0.109504,0,0,0.079424,0,231.986
fields/00008__plt00004__fab0000_comp00_u.f32__c0001__dt-f32/chunk_0,4194304,14818ca9c87ce8ad,24,np-setting,232.655,18052,0.071648,0,0,0.070016,0,232.346
fields/00009__plt00004__fab0000_comp01_v.f32__c0000__dt-f32/chunk_0,4194304,a0f845514c416cd5,24,np-setting,4.36563,960780,0.06496,0,0,0.078592,0,4.36552
fields/00009__plt00004__fab0000_comp01_v.f32__c0001__dt-f32/chunk_0,4194304,d36bd5df506d98a5,24,np-setting,4.36579,960744,0.06368,0,0,0.079936,0,4.36568
fields/00010__plt00005__fab0000_comp00_u.f32__c0000__dt-f32/chunk_0,4194304,c585ebf7879070e5,24,np-setting,27.9136,150284,0.039936,0,0,0.028672,0,27.9092
fields/00010__plt00005__fab0000_comp00_u.f32__c0001__dt-f32/chunk_0,4194304,14818ca9c87ce8ad,24,np-setting,232.655,18052,0.06928,0,0,0.078656,0,232.346
fields/00011__plt00005__fab0000_comp01_v.f32__c0000__dt-f32/chunk_0,4194304,ffa4d0221bf12b9,24,np-setting,5.17477,810554,0.085312,0,0,0.079168,0,5.17461
fields/00011__plt00005__fab0000_comp01_v.f32__c0001__dt-f32/chunk_0,4194304,2ab7f63b5a5c149,24,np-setting,5.17466,810571,0.070656,0,0,0.081024,0,5.17451
fields/00012__plt00006__fab0000_comp00_u.f32__c0000__dt-f32/chunk_0,4194304,c585ebf7879070e5,24,np-setting,232.294,18080,0.083808,0,0,0.079008,0,231.986
fields/00012__plt00006__fab0000_comp00_u.f32__c0001__dt-f32/chunk_0,4194304,14818ca9c87ce8ad,24,np-setting,232.655,18052,0.069952,0,0,0.068992,0,232.346
fields/00013__plt00006__fab0000_comp01_v.f32__c0000__dt-f32/chunk_0,4194304,f4ab2fb94e363e8d,24,np-setting,7.24683,578802,0.097632,0,0,0.078176,0,7.24653
fields/00013__plt00006__fab0000_comp01_v.f32__c0001__dt-f32/chunk_0,4194304,a4c942976e833cb1,24,np-setting,7.24685,578800,0.070944,0,0,0.079264,0,7.24655
fields/00014__plt00007__fab0000_comp00_u.f32__c0000__dt-f32/chunk_0,4194304,c585ebf7879070e5,24,np-setting,232.294,18080,0.070944,0,0,0.074528,0,231.986
fields/00014__plt00007__fab0000_comp00_u.f32__c0001__dt-f32/chunk_0,4194304,14818ca9c87ce8ad,24,np-setting,232.655,18052,0.060736,0,0,0.081536,0,232.346
fields/00015__plt00007__fab0000_comp01_v.f32__c0000__dt-f32/chunk_0,4194304,dbfe6911940b7619,24,np-setting,8.11428,516928,0.064512,0,0,0.037888,0,8.1139
fields/00015__plt00007__fab0000_comp01_v.f32__c0001__dt-f32/chunk_0,4194304,f92817b1667c0e8d,24,np-setting,13.9639,300391,0.082624,0,0,0.079872,0,13.9628
fields/00016__plt00008__fab0000_comp00_u.f32__c0000__dt-f32/chunk_0,4194304,c585ebf7879070e5,24,np-setting,232.294,18080,0.080672,0,0,0.079584,0,231.986
fields/00016__plt00008__fab0000_comp00_u.f32__c0001__dt-f32/chunk_0,4194304,14818ca9c87ce8ad,24,np-setting,232.655,18052,0.074784,0,0,0.069536,0,232.346
fields/00017__plt00008__fab0000_comp01_v.f32__c0000__dt-f32/chunk_0,4194304,4bf1842111ee3d5d,24,np-setting,40.7028,103071,0.05584,0,0,0.073408,0,40.6933
fields/00017__plt00008__fab0000_comp01_v.f32__c0001__dt-f32/chunk_0,4194304,ded5630ad243a4bd,24,np-setting,40.7028,103071,0.070112,0,0,0.076768,0,40.6933
fields/00018__plt00009__fab0000_comp00_u.f32__c0000__dt-f32/chunk_0,4194304,c585ebf7879070e5,24,np-setting,232.294,18080,0.065088,0,0,0.075296,0,231.986
fields/00018__plt00009__fab0000_comp00_u.f32__c0001__dt-f32/chunk_0,4194304,14818ca9c87ce8ad,24,np-setting,232.655,18052,0.063392,0,0,0.06896,0,232.346
fields/00019__plt00009__fab0000_comp01_v.f32__c0000__dt-f32/chunk_0,4194304,20e40c87076ca65,24,np-setting,48.6991,86151,0.074848,0,0,0.074304,0,48.6855
fields/00019__plt00009__fab0000_comp01_v.f32__c0001__dt-f32/chunk_0,4194304,49f013a7ef76ca65,24,np-setting,48.6991,86151,0.059808,0,0,0.076768,0,48.6855
fields/00020__plt00010__fab0000_comp00_u.f32__c0000__dt-f32/chunk_0,4194304,c585ebf7879070e5,24,np-setting,27.9136,150284,0.04608,0,0,0.029696,0,27.9092
fields/00020__plt00010__fab0000_comp00_u.f32__c0001__dt-f32/chunk_0,4194304,14818ca9c87ce8ad,24,np-setting,232.655,18052,0.085056,0,0,0.082912,0,232.346
fields/00021__plt00010__fab0000_comp01_v.f32__c0000__dt-f32/chunk_0,4194304,20e40c87076ca65,24,np-setting,48.6991,86151,0.07424,0,0,0.082432,0,48.6855
fields/00021__plt00010__fab0000_comp01_v.f32__c0001__dt-f32/chunk_0,4194304,49f013a7ef76ca65,24,np-setting,48.6991,86151,0.059104,0,0,0.077824,0,48.6855
fields/00022__plt00011__fab0000_comp00_u.f32__c0000__dt-f32/chunk_0,4194304,c585ebf7879070e5,24,np-setting,232.294,18080,0.065216,0,0,0.081696,0,231.986
fields/00022__plt00011__fab0000_comp00_u.f32__c0001__dt-f32/chunk_0,4194304,14818ca9c87ce8ad,24,np-setting,232.655,18052,0.080544,0,0,0.081952,0,232.346
fields/00023__plt00011__fab0000_comp01_v.f32__c0000__dt-f32/chunk_0,4194304,20e40c87076ca65,24,np-setting,48.6991,86151,0.069088,0,0,0.076032,0,48.6855
fields/00023__plt00011__fab0000_comp01_v.f32__c0001__dt-f32/chunk_0,4194304,49f013a7ef76ca65,24,np-setting,48.6991,86151,0.06688,0,0,0.075616,0,48.6855
fields/00024__plt00012__fab0000_comp00_u.f32__c0000__dt-f32/chunk_0,4194304,c585ebf7879070e5,24,np-setting,82.9849,50567,0.072512,0,0,0.097664,0,82.9455
fields/00024__plt00012__fab0000_comp00_u.f32__c0001__dt-f32/chunk_0,4194304,14818ca9c87ce8ad,24,np-setting,232.655,18052,0.071552,0,0,0.0736,0,232.346
fields/00025__plt00012__fab0000_comp01_v.f32__c0000__dt-f32/chunk_0,4194304,20e40c87076ca65,24,np-setting,10.9802,382012,0.061632,0,0,0.049696,0,10.9795
fields/00025__plt00012__fab0000_comp01_v.f32__c0001__dt-f32/chunk_0,4194304,49f013a7ef76ca65,24,np-setting,48.6991,86151,0.058592,0,0,0.082944,0,48.6855
fields/00026__plt00013__fab0000_comp00_u.f32__c0000__dt-f32/chunk_0,4194304,c585ebf7879070e5,24,np-setting,232.294,18080,0.064512,0,0,0.083136,0,231.986
fields/00026__plt00013__fab0000_comp00_u.f32__c0001__dt-f32/chunk_0,4194304,14818ca9c87ce8ad,24,np-setting,232.655,18052,0.075328,0,0,0.078176,0,232.346
fields/00027__plt00013__fab0000_comp01_v.f32__c0000__dt-f32/chunk_0,4194304,20e40c87076ca65,24,np-setting,48.6991,86151,0.07472,0,0,0.076352,0,48.6855
fields/00027__plt00013__fab0000_comp01_v.f32__c0001__dt-f32/chunk_0,4194304,49f013a7ef76ca65,24,np-setting,48.6991,86151,0.060224,0,0,0.07728,0,48.6855
fields/00028__plt00014__fab0000_comp00_u.f32__c0000__dt-f32/chunk_0,4194304,c585ebf7879070e5,24,np-setting,232.294,18080,0.06464,0,0,0.071296,0,231.986
fields/00028__plt00014__fab0000_comp00_u.f32__c0001__dt-f32/chunk_0,4194304,14818ca9c87ce8ad,24,np-setting,232.655,18052,0.080032,0,0,0.084192,0,232.346
fields/00029__plt00014__fab0000_comp01_v.f32__c0000__dt-f32/chunk_0,4194304,20e40c87076ca65,24,np-setting,48.6991,86151,0.058176,0,0,0.080128,0,48.6855
fields/00029__plt00014__fab0000_comp01_v.f32__c0001__dt-f32/chunk_0,4194304,49f013a7ef76ca65,24,np-setting,48.6991,86151,0.06128,0,0,0.080512,0,48.6855
fields/00030__plt00015__fab0000_comp00_u.f32__c0000__dt-f32/chunk_0,4194304,c585ebf7879070e5,24,np-setting,27.9136,150284,0.041984,0,0,0.028672,0,27.9092
fields/00030__plt00015__fab0000_comp00_u.f32__c0001__dt-f32/chunk_0,4194304,14818ca9c87ce8ad,24,np-setting,232.655,18052,0.061952,0,0,0.074496,0,232.346
fields/00031__plt00015__fab0000_comp01_v.f32__c0000__dt-f32/chunk_0,4194304,20e40c87076ca65,24,np-setting,48.6991,86151,0.061152,0,0,0.077344,0,48.6855
fields/00031__plt00015__fab0000_comp01_v.f32__c0001__dt-f32/chunk_0,4194304,49f013a7ef76ca65,24,np-setting,48.6991,86151,0.062496,0,0,0.079808,0,48.6855
fields/00032__plt00016__fab0000_comp00_u.f32__c0000__dt-f32/chunk_0,4194304,c585ebf7879070e5,24,np-setting,232.294,18080,0.07104,0,0,0.079264,0,231.986
fields/00032__plt00016__fab0000_comp00_u.f32__c0001__dt-f32/chunk_0,4194304,14818ca9c87ce8ad,24,np-setting,232.655,18052,0.072736,0,0,0.074464,0,232.346
fields/00033__plt00016__fab0000_comp01_v.f32__c0000__dt-f32/chunk_0,4194304,20e40c87076ca65,24,np-setting,48.6991,86151,0.069312,0,0,0.224992,0,48.6855
fields/00033__plt00016__fab0000_comp01_v.f32__c0001__dt-f32/chunk_0,4194304,49f013a7ef76ca65,24,np-setting,48.6991,86151,0.077472,0,0,0.078464,0,48.6855
fields/00034__plt00017__fab0000_comp00_u.f32__c0000__dt-f32/chunk_0,4194304,c585ebf7879070e5,24,np-setting,232.294,18080,0.062688,0,0,0.066752,0,231.986
fields/00034__plt00017__fab0000_comp00_u.f32__c0001__dt-f32/chunk_0,4194304,14818ca9c87ce8ad,24,np-setting,232.655,18052,0.078912,0,0,0.07888,0,232.346
fields/00035__plt00017__fab0000_comp01_v.f32__c0000__dt-f32/chunk_0,4194304,20e40c87076ca65,24,np-setting,14.7966,283488,0.063488,0,0,0.03584,0,14.7953
fields/00035__plt00017__fab0000_comp01_v.f32__c0001__dt-f32/chunk_0,4194304,49f013a7ef76ca65,24,np-setting,48.6991,86151,0.086528,0,0,0.079392,0,48.6855
fields/00036__plt00018__fab0000_comp00_u.f32__c0000__dt-f32/chunk_0,4194304,c585ebf7879070e5,24,np-setting,232.294,18080,0.05904,0,0,0.0688,0,231.986
fields/00036__plt00018__fab0000_comp00_u.f32__c0001__dt-f32/chunk_0,4194304,14818ca9c87ce8ad,24,np-setting,232.655,18052,0.07472,0,0,0.079232,0,232.346
fields/00037__plt00018__fab0000_comp01_v.f32__c0000__dt-f32/chunk_0,4194304,20e40c87076ca65,24,np-setting,48.6991,86151,0.080448,0,0,0.083296,0,48.6855
fields/00037__plt00018__fab0000_comp01_v.f32__c0001__dt-f32/chunk_0,4194304,49f013a7ef76ca65,24,np-setting,48.6991,86151,0.059264,0,0,0.078592,0,48.6855
fields/00038__plt00019__fab0000_comp00_u.f32__c0000__dt-f32/chunk_0,4194304,c585ebf7879070e5,24,np-setting,82.9849,50567,0.07344,0,0,0.096096,0,82.9455
fields/00038__plt00019__fab0000_comp00_u.f32__c0001__dt-f32/chunk_0,4194304,14818ca9c87ce8ad,24,np-setting,232.655,18052,0.077408,0,0,0.075328,0,232.346
fields/00039__plt00019__fab0000_comp01_v.f32__c0000__dt-f32/chunk_0,4194304,20e40c87076ca65,24,np-setting,48.6991,86151,0.057856,0,0,0.070464,0,48.6855
fields/00039__plt00019__fab0000_comp01_v.f32__c0001__dt-f32/chunk_0,4194304,49f013a7ef76ca65,24,np-setting,48.6991,86151,0.104256,0,0,0.07888,0,48.6855
fields/00040__plt00020__fab0000_comp00_u.f32__c0000__dt-f32/chunk_0,4194304,c585ebf7879070e5,24,np-setting,27.9136,150284,0.047104,0,0,0.029696,0,27.9092
fields/00040__plt00020__fab0000_comp00_u.f32__c0001__dt-f32/chunk_0,4194304,14818ca9c87ce8ad,24,np-setting,232.655,18052,0.062432,0,0,0.076896,0,232.346
fields/00041__plt00020__fab0000_comp01_v.f32__c0000__dt-f32/chunk_0,4194304,20e40c87076ca65,24,np-setting,48.6991,86151,0.068896,0,0,0.076544,0,48.6855
fields/00041__plt00020__fab0000_comp01_v.f32__c0001__dt-f32/chunk_0,4194304,49f013a7ef76ca65,24,np-setting,48.6991,86151,0.072128,0,0,0.075424,0,48.6855
fields/00042__plt00021__fab0000_comp00_u.f32__c0000__dt-f32/chunk_0,4194304,c585ebf7879070e5,24,np-setting,232.294,18080,0.074208,0,0,0.078112,0,231.986
fields/00042__plt00021__fab0000_comp00_u.f32__c0001__dt-f32/chunk_0,4194304,14818ca9c87ce8ad,24,np-setting,232.655,18052,0.08192,0,0,0.078816,0,232.346
fields/00043__plt00021__fab0000_comp01_v.f32__c0000__dt-f32/chunk_0,4194304,20e40c87076ca65,24,np-setting,48.6991,86151,0.05968,0,0,0.076032,0,48.6855
fields/00043__plt00021__fab0000_comp01_v.f32__c0001__dt-f32/chunk_0,4194304,49f013a7ef76ca65,24,np-setting,48.6991,86151,0.267168,0,0,0.083168,0,48.6855
fields/00044__plt00022__fab0000_comp00_u.f32__c0000__dt-f32/chunk_0,4194304,c585ebf7879070e5,24,np-setting,232.294,18080,0.080224,0,0,0.078944,0,231.986
fields/00044__plt00022__fab0000_comp00_u.f32__c0001__dt-f32/chunk_0,4194304,14818ca9c87ce8ad,24,np-setting,232.655,18052,0.076032,0,0,0.075104,0,232.346
fields/00045__plt00022__fab0000_comp01_v.f32__c0000__dt-f32/chunk_0,4194304,20e40c87076ca65,24,np-setting,14.7966,283488,0.065536,0,0,0.03584,0,14.7953
fields/00045__plt00022__fab0000_comp01_v.f32__c0001__dt-f32/chunk_0,4194304,49f013a7ef76ca65,24,np-setting,48.6991,86151,0.066656,0,0,0.070176,0,48.6855
fields/00046__plt00023__fab0000_comp00_u.f32__c0000__dt-f32/chunk_0,4194304,c585ebf7879070e5,24,np-setting,232.294,18080,0.059456,0,0,0.06832,0,231.986
fields/00046__plt00023__fab0000_comp00_u.f32__c0001__dt-f32/chunk_0,4194304,14818ca9c87ce8ad,24,np-setting,232.655,18052,0.062304,0,0,0.072864,0,232.346
fields/00047__plt00023__fab0000_comp01_v.f32__c0000__dt-f32/chunk_0,4194304,20e40c87076ca65,24,np-setting,48.6991,86151,0.069184,0,0,0.0784,0,48.6855
fields/00047__plt00023__fab0000_comp01_v.f32__c0001__dt-f32/chunk_0,4194304,49f013a7ef76ca65,24,np-setting,48.6991,86151,0.064064,0,0,0.077728,0,48.6855
fields/00048__plt00024__fab0000_comp00_u.f32__c0000__dt-f32/chunk_0,4194304,c585ebf7879070e5,24,np-setting,232.294,18080,0.060032,0,0,0.077856,0,231.986
fields/00048__plt00024__fab0000_comp00_u.f32__c0001__dt-f32/chunk_0,4194304,14818ca9c87ce8ad,24,np-setting,232.655,18052,0.056768,0,0,0.084544,0,232.346
fields/00049__plt00024__fab0000_comp01_v.f32__c0000__dt-f32/chunk_0,4194304,20e40c87076ca65,24,np-setting,48.6991,86151,0.059296,0,0,0.078528,0,48.6855
fields/00049__plt00024__fab0000_comp01_v.f32__c0001__dt-f32/chunk_0,4194304,49f013a7ef76ca65,24,np-setting,48.6991,86151,0.076608,0,0,0.080352,0,48.6855
fields/00050__plt00025__fab0000_comp00_u.f32__c0000__dt-f32/chunk_0,4194304,c585ebf7879070e5,24,np-setting,27.9136,150284,0.054272,0,0,0.029696,0,27.9092
fields/00050__plt00025__fab0000_comp00_u.f32__c0001__dt-f32/chunk_0,4194304,14818ca9c87ce8ad,24,np-setting,232.655,18052,0.064864,0,0,0.072288,0,232.346
fields/00051__plt00025__fab0000_comp01_v.f32__c0000__dt-f32/chunk_0,4194304,20e40c87076ca65,24,np-setting,48.6991,86151,0.070752,0,0,0.0768,0,48.6855
fields/00051__plt00025__fab0000_comp01_v.f32__c0001__dt-f32/chunk_0,4194304,49f013a7ef76ca65,24,np-setting,48.6991,86151,0.061472,0,0,0.07744,0,48.6855
fields/00052__plt00026__fab0000_comp00_u.f32__c0000__dt-f32/chunk_0,4194304,c585ebf7879070e5,24,np-setting,232.294,18080,0.069728,0,0,0.072704,0,231.986
fields/00052__plt00026__fab0000_comp00_u.f32__c0001__dt-f32/chunk_0,4194304,14818ca9c87ce8ad,24,np-setting,232.655,18052,0.07392,0,0,0.081376,0,232.346
fields/00053__plt00026__fab0000_comp01_v.f32__c0000__dt-f32/chunk_0,4194304,20e40c87076ca65,24,np-setting,48.6991,86151,0.062752,0,0,0.076608,0,48.6855
fields/00053__plt00026__fab0000_comp01_v.f32__c0001__dt-f32/chunk_0,4194304,49f013a7ef76ca65,24,np-setting,48.6991,86151,0.067648,0,0,0.077824,0,48.6855
fields/00054__plt00027__fab0000_comp00_u.f32__c0000__dt-f32/chunk_0,4194304,c585ebf7879070e5,24,np-setting,232.294,18080,0.084256,0,0,0.079424,0,231.986
fields/00054__plt00027__fab0000_comp00_u.f32__c0001__dt-f32/chunk_0,4194304,14818ca9c87ce8ad,24,np-setting,232.655,18052,0.063392,0,0,0.067168,0,232.346
fields/00055__plt00027__fab0000_comp01_v.f32__c0000__dt-f32/chunk_0,4194304,20e40c87076ca65,24,np-setting,14.7966,283488,0.063488,0,0,0.03584,0,14.7953
fields/00055__plt00027__fab0000_comp01_v.f32__c0001__dt-f32/chunk_0,4194304,49f013a7ef76ca65,24,np-setting,48.6991,86151,0.060448,0,0,0.07088,0,48.6855
fields/00056__plt00028__fab0000_comp00_u.f32__c0000__dt-f32/chunk_0,4194304,c585ebf7879070e5,24,np-setting,232.294,18080,0.067072,0,0,0.073792,0,231.986
fields/00056__plt00028__fab0000_comp00_u.f32__c0001__dt-f32/chunk_0,4194304,14818ca9c87ce8ad,24,np-setting,232.655,18052,0.081216,0,0,0.073024,0,232.346
fields/00057__plt00028__fab0000_comp01_v.f32__c0000__dt-f32/chunk_0,4194304,20e40c87076ca65,24,np-setting,48.6991,86151,0.079872,0,0,0.074432,0,48.6855
fields/00057__plt00028__fab0000_comp01_v.f32__c0001__dt-f32/chunk_0,4194304,49f013a7ef76ca65,24,np-setting,48.6991,86151,0.075648,0,0,0.081632,0,48.6855
fields/00058__plt00029__fab0000_comp00_u.f32__c0000__dt-f32/chunk_0,4194304,c585ebf7879070e5,24,np-setting,232.294,18080,0.056672,0,0,0.07088,0,231.986
fields/00058__plt00029__fab0000_comp00_u.f32__c0001__dt-f32/chunk_0,4194304,14818ca9c87ce8ad,24,np-setting,232.655,18052,0.054944,0,0,0.081664,0,232.346
fields/00059__plt00029__fab0000_comp01_v.f32__c0000__dt-f32/chunk_0,4194304,20e40c87076ca65,24,np-setting,48.6991,86151,0.08112,0,0,0.075904,0,48.6855
fields/00059__plt00029__fab0000_comp01_v.f32__c0001__dt-f32/chunk_0,4194304,49f013a7ef76ca65,24,np-setting,48.6991,86151,0.091392,0,0,0.072256,0,48.6855
fields/00060__plt00030__fab0000_comp00_u.f32__c0000__dt-f32/chunk_0,4194304,c585ebf7879070e5,24,np-setting,27.9136,150284,0.04096,0,0,0.027648,0,27.9092
fields/00060__plt00030__fab0000_comp00_u.f32__c0001__dt-f32/chunk_0,4194304,14818ca9c87ce8ad,24,np-setting,232.655,18052,0.070656,0,0,0.080576,0,232.346
fields/00061__plt00030__fab0000_comp01_v.f32__c0000__dt-f32/chunk_0,4194304,20e40c87076ca65,24,np-setting,48.6991,86151,0.060768,0,0,0.0784,0,48.6855
fields/00061__plt00030__fab0000_comp01_v.f32__c0001__dt-f32/chunk_0,4194304,49f013a7ef76ca65,24,np-setting,48.6991,86151,0.06368,0,0,0.077856,0,48.6855
fields/00062__plt00031__fab0000_comp00_u.f32__c0000__dt-f32/chunk_0,4194304,c585ebf7879070e5,24,np-setting,232.294,18080,0.062176,0,0,0.072288,0,231.986
fields/00062__plt00031__fab0000_comp00_u.f32__c0001__dt-f32/chunk_0,4194304,14818ca9c87ce8ad,24,np-setting,232.655,18052,0.079872,0,0,0.107104,0,232.346
fields/00063__plt00031__fab0000_comp01_v.f32__c0000__dt-f32/chunk_0,4194304,20e40c87076ca65,24,np-setting,48.6991,86151,0.057568,0,0,0.075936,0,48.6855
fields/00063__plt00031__fab0000_comp01_v.f32__c0001__dt-f32/chunk_0,4194304,49f013a7ef76ca65,24,np-setting,48.6991,86151,0.078144,0,0,0.072992,0,48.6855
fields/00064__plt00032__fab0000_comp00_u.f32__c0000__dt-f32/chunk_0,4194304,c585ebf7879070e5,24,np-setting,232.294,18080,0.058784,0,0,0.081536,0,231.986
fields/00064__plt00032__fab0000_comp00_u.f32__c0001__dt-f32/chunk_0,4194304,14818ca9c87ce8ad,24,np-setting,232.655,18052,0.080992,0,0,0.078208,0,232.346
fields/00065__plt00032__fab0000_comp01_v.f32__c0000__dt-f32/chunk_0,4194304,20e40c87076ca65,24,np-setting,14.7966,283488,0.068608,0,0,0.03584,0,14.7953
fields/00065__plt00032__fab0000_comp01_v.f32__c0001__dt-f32/chunk_0,4194304,49f013a7ef76ca65,24,np-setting,48.6991,86151,0.079648,0,0,0.082912,0,48.6855
fields/00066__plt00033__fab0000_comp00_u.f32__c0000__dt-f32/chunk_0,4194304,c585ebf7879070e5,24,np-setting,232.294,18080,0.064224,0,0,0.082656,0,231.986
fields/00066__plt00033__fab0000_comp00_u.f32__c0001__dt-f32/chunk_0,4194304,14818ca9c87ce8ad,24,np-setting,232.655,18052,0.081728,0,0,0.078912,0,232.346
fields/00067__plt00033__fab0000_comp01_v.f32__c0000__dt-f32/chunk_0,4194304,20e40c87076ca65,24,np-setting,48.6991,86151,0.078528,0,0,0.079808,0,48.6855
fields/00067__plt00033__fab0000_comp01_v.f32__c0001__dt-f32/chunk_0,4194304,49f013a7ef76ca65,24,np-setting,48.6991,86151,0.074176,0,0,0.079072,0,48.6855
fields/00068__plt00034__fab0000_comp00_u.f32__c0000__dt-f32/chunk_0,4194304,c585ebf7879070e5,24,np-setting,232.294,18080,0.05952,0,0,0.074496,0,231.986
fields/00068__plt00034__fab0000_comp00_u.f32__c0001__dt-f32/chunk_0,4194304,14818ca9c87ce8ad,24,np-setting,232.655,18052,0.064128,0,0,0.070496,0,232.346
fields/00069__plt00034__fab0000_comp01_v.f32__c0000__dt-f32/chunk_0,4194304,20e40c87076ca65,24,np-setting,48.6991,86151,0.064672,0,0,0.081216,0,48.6855
fields/00069__plt00034__fab0000_comp01_v.f32__c0001__dt-f32/chunk_0,4194304,49f013a7ef76ca65,24,np-setting,48.6991,86151,0.08208,0,0,0.07952,0,48.6855
fields/00070__plt00035__fab0000_comp00_u.f32__c0000__dt-f32/chunk_0,4194304,c585ebf7879070e5,24,np-setting,27.9136,150284,0.041984,0,0,0.028672,0,27.9092
fields/00070__plt00035__fab0000_comp00_u.f32__c0001__dt-f32/chunk_0,4194304,14818ca9c87ce8ad,24,np-setting,232.655,18052,0.061376,0,0,0.076,0,232.346
fields/00071__plt00035__fab0000_comp01_v.f32__c0000__dt-f32/chunk_0,4194304,20e40c87076ca65,24,np-setting,48.6991,86151,0.064928,0,0,0.074752,0,48.6855
fields/00071__plt00035__fab0000_comp01_v.f32__c0001__dt-f32/chunk_0,4194304,49f013a7ef76ca65,24,np-setting,48.6991,86151,0.05728,0,0,0.078976,0,48.6855
fields/00072__plt00036__fab0000_comp00_u.f32__c0000__dt-f32/chunk_0,4194304,c585ebf7879070e5,24,np-setting,232.294,18080,0.075776,0,0,0.077088,0,231.986
fields/00072__plt00036__fab0000_comp00_u.f32__c0001__dt-f32/chunk_0,4194304,14818ca9c87ce8ad,24,np-setting,232.655,18052,0.07072,0,0,0.075232,0,232.346
fields/00073__plt00036__fab0000_comp01_v.f32__c0000__dt-f32/chunk_0,4194304,20e40c87076ca65,24,np-setting,48.6991,86151,0.0688,0,0,0.075296,0,48.6855
fields/00073__plt00036__fab0000_comp01_v.f32__c0001__dt-f32/chunk_0,4194304,49f013a7ef76ca65,24,np-setting,48.6991,86151,0.06368,0,0,0.076672,0,48.6855
fields/00074__plt00037__fab0000_comp00_u.f32__c0000__dt-f32/chunk_0,4194304,c585ebf7879070e5,24,np-setting,232.294,18080,0.062464,0,0,0.069888,0,231.986
fields/00074__plt00037__fab0000_comp00_u.f32__c0001__dt-f32/chunk_0,4194304,14818ca9c87ce8ad,24,np-setting,232.655,18052,0.077472,0,0,0.076896,0,232.346
fields/00075__plt00037__fab0000_comp01_v.f32__c0000__dt-f32/chunk_0,4194304,20e40c87076ca65,24,np-setting,14.7966,283488,0.069632,0,0,0.036864,0,14.7953
fields/00075__plt00037__fab0000_comp01_v.f32__c0001__dt-f32/chunk_0,4194304,49f013a7ef76ca65,24,np-setting,48.6991,86151,0.061088,0,0,0.075904,0,48.6855
fields/00076__plt00038__fab0000_comp00_u.f32__c0000__dt-f32/chunk_0,4194304,c585ebf7879070e5,24,np-setting,232.294,18080,0.082176,0,0,0.07968,0,231.986
fields/00076__plt00038__fab0000_comp00_u.f32__c0001__dt-f32/chunk_0,4194304,14818ca9c87ce8ad,24,np-setting,232.655,18052,0.061728,0,0,0.095424,0,232.346
fields/00077__plt00038__fab0000_comp01_v.f32__c0000__dt-f32/chunk_0,4194304,20e40c87076ca65,24,np-setting,48.6991,86151,0.06048,0,0,0.07296,0,48.6855
fields/00077__plt00038__fab0000_comp01_v.f32__c0001__dt-f32/chunk_0,4194304,49f013a7ef76ca65,24,np-setting,48.6991,86151,0.0768,0,0,0.069728,0,48.6855
fields/00078__plt00039__fab0000_comp00_u.f32__c0000__dt-f32/chunk_0,4194304,c585ebf7879070e5,24,np-setting,232.294,18080,0.081984,0,0,0.078464,0,231.986
fields/00078__plt00039__fab0000_comp00_u.f32__c0001__dt-f32/chunk_0,4194304,14818ca9c87ce8ad,24,np-setting,232.655,18052,0.057216,0,0,0.06976,0,232.346
fields/00079__plt00039__fab0000_comp01_v.f32__c0000__dt-f32/chunk_0,4194304,20e40c87076ca65,24,np-setting,48.6991,86151,0.076512,0,0,0.078624,0,48.6855
fields/00079__plt00039__fab0000_comp01_v.f32__c0001__dt-f32/chunk_0,4194304,49f013a7ef76ca65,24,np-setting,48.6991,86151,0.063808,0,0,0.089792,0,48.6855
fields/00080__plt00040__fab0000_comp00_u.f32__c0000__dt-f32/chunk_0,4194304,c585ebf7879070e5,24,np-setting,27.9136,150284,0.043008,0,0,0.028672,0,27.9092
fields/00080__plt00040__fab0000_comp00_u.f32__c0001__dt-f32/chunk_0,4194304,14818ca9c87ce8ad,24,np-setting,232.655,18052,0.076928,0,0,0.078496,0,232.346
fields/00081__plt00040__fab0000_comp01_v.f32__c0000__dt-f32/chunk_0,4194304,20e40c87076ca65,24,np-setting,48.6991,86151,0.080512,0,0,0.078752,0,48.6855
fields/00081__plt00040__fab0000_comp01_v.f32__c0001__dt-f32/chunk_0,4194304,49f013a7ef76ca65,24,np-setting,48.6991,86151,0.056928,0,0,0.070496,0,48.6855
fields/00082__plt00041__fab0000_comp00_u.f32__c0000__dt-f32/chunk_0,4194304,c585ebf7879070e5,24,np-setting,82.9849,50567,0.068736,0,0,0.096864,0,82.9455
fields/00082__plt00041__fab0000_comp00_u.f32__c0001__dt-f32/chunk_0,4194304,14818ca9c87ce8ad,24,np-setting,232.655,18052,0.057632,0,0,0.07936,0,232.346
fields/00083__plt00041__fab0000_comp01_v.f32__c0000__dt-f32/chunk_0,4194304,20e40c87076ca65,24,np-setting,48.6991,86151,0.060064,0,0,0.074624,0,48.6855
fields/00083__plt00041__fab0000_comp01_v.f32__c0001__dt-f32/chunk_0,4194304,49f013a7ef76ca65,24,np-setting,48.6991,86151,0.066912,0,0,0.07328,0,48.6855
fields/00084__plt00042__fab0000_comp00_u.f32__c0000__dt-f32/chunk_0,4194304,c585ebf7879070e5,24,np-setting,232.294,18080,0.06528,0,0,0.079232,0,231.986
fields/00084__plt00042__fab0000_comp00_u.f32__c0001__dt-f32/chunk_0,4194304,14818ca9c87ce8ad,24,np-setting,232.655,18052,0.07488,0,0,0.075456,0,232.346
fields/00085__plt00042__fab0000_comp01_v.f32__c0000__dt-f32/chunk_0,4194304,20e40c87076ca65,24,np-setting,14.7966,283488,0.065536,0,0,0.036864,0,14.7953
fields/00085__plt00042__fab0000_comp01_v.f32__c0001__dt-f32/chunk_0,4194304,49f013a7ef76ca65,24,np-setting,48.6991,86151,0.085056,0,0,0.075072,0,48.6855
fields/00086__plt00043__fab0000_comp00_u.f32__c0000__dt-f32/chunk_0,4194304,c585ebf7879070e5,24,np-setting,232.294,18080,0.082656,0,0,0.081088,0,231.986
fields/00086__plt00043__fab0000_comp00_u.f32__c0001__dt-f32/chunk_0,4194304,14818ca9c87ce8ad,24,np-setting,232.655,18052,0.063488,0,0,0.083648,0,232.346
fields/00087__plt00043__fab0000_comp01_v.f32__c0000__dt-f32/chunk_0,4194304,20e40c87076ca65,24,np-setting,48.6991,86151,0.07904,0,0,0.077856,0,48.6855
fields/00087__plt00043__fab0000_comp01_v.f32__c0001__dt-f32/chunk_0,4194304,49f013a7ef76ca65,24,np-setting,48.6991,86151,0.073152,0,0,0.070752,0,48.6855
fields/00088__plt00044__fab0000_comp00_u.f32__c0000__dt-f32/chunk_0,4194304,c585ebf7879070e5,24,np-setting,232.294,18080,0.0624,0,0,0.075008,0,231.986
fields/00088__plt00044__fab0000_comp00_u.f32__c0001__dt-f32/chunk_0,4194304,14818ca9c87ce8ad,24,np-setting,232.655,18052,0.058848,0,0,0.06704,0,232.346
fields/00089__plt00044__fab0000_comp01_v.f32__c0000__dt-f32/chunk_0,4194304,20e40c87076ca65,24,np-setting,48.6991,86151,0.057056,0,0,0.078912,0,48.6855
fields/00089__plt00044__fab0000_comp01_v.f32__c0001__dt-f32/chunk_0,4194304,49f013a7ef76ca65,24,np-setting,48.6991,86151,0.067648,0,0,0.079136,0,48.6855
fields/00090__plt00045__fab0000_comp00_u.f32__c0000__dt-f32/chunk_0,4194304,c585ebf7879070e5,24,np-setting,21.9033,191516,0.045056,0,0,0.04096,0,21.9005
fields/00090__plt00045__fab0000_comp00_u.f32__c0001__dt-f32/chunk_0,4194304,14818ca9c87ce8ad,24,np-setting,232.655,18052,0.079744,0,0,0.077728,0,232.346
fields/00091__plt00045__fab0000_comp01_v.f32__c0000__dt-f32/chunk_0,4194304,20e40c87076ca65,24,np-setting,22.3232,187914,0.096864,0,0,0.095104,0,22.3203
fields/00091__plt00045__fab0000_comp01_v.f32__c0001__dt-f32/chunk_0,4194304,49f013a7ef76ca65,24,np-setting,48.6991,86151,0.076672,0,0,0.076576,0,48.6855
fields/00092__plt00046__fab0000_comp00_u.f32__c0000__dt-f32/chunk_0,4194304,c585ebf7879070e5,24,np-setting,232.294,18080,0.06064,0,0,0.076192,0,231.986
fields/00092__plt00046__fab0000_comp00_u.f32__c0001__dt-f32/chunk_0,4194304,14818ca9c87ce8ad,24,np-setting,232.655,18052,0.059008,0,0,0.072576,0,232.346
fields/00093__plt00046__fab0000_comp01_v.f32__c0000__dt-f32/chunk_0,4194304,20e40c87076ca65,24,np-setting,48.6991,86151,0.081664,0,0,0.082112,0,48.6855
fields/00093__plt00046__fab0000_comp01_v.f32__c0001__dt-f32/chunk_0,4194304,49f013a7ef76ca65,24,np-setting,48.6991,86151,0.062944,0,0,0.08048,0,48.6855
fields/00094__plt00047__fab0000_comp00_u.f32__c0000__dt-f32/chunk_0,4194304,c585ebf7879070e5,24,np-setting,232.294,18080,0.078016,0,0,0.080096,0,231.986
fields/00094__plt00047__fab0000_comp00_u.f32__c0001__dt-f32/chunk_0,4194304,14818ca9c87ce8ad,24,np-setting,232.655,18052,0.078496,0,0,0.078432,0,232.346
fields/00095__plt00047__fab0000_comp01_v.f32__c0000__dt-f32/chunk_0,4194304,20e40c87076ca65,24,np-setting,14.7966,283488,0.06144,0,0,0.03584,0,14.7953
fields/00095__plt00047__fab0000_comp01_v.f32__c0001__dt-f32/chunk_0,4194304,49f013a7ef76ca65,24,np-setting,48.6991,86151,0.0584,0,0,0.078336,0,48.6855
fields/00096__plt00048__fab0000_comp00_u.f32__c0000__dt-f32/chunk_0,4194304,c585ebf7879070e5,24,np-setting,232.294,18080,0.07984,0,0,0.06704,0,231.986
fields/00096__plt00048__fab0000_comp00_u.f32__c0001__dt-f32/chunk_0,4194304,14818ca9c87ce8ad,24,np-setting,232.655,18052,0.05872,0,0,0.07568,0,232.346
fields/00097__plt00048__fab0000_comp01_v.f32__c0000__dt-f32/chunk_0,4194304,20e40c87076ca65,24,np-setting,48.6991,86151,0.062464,0,0,0.075648,0,48.6855
fields/00097__plt00048__fab0000_comp01_v.f32__c0001__dt-f32/chunk_0,4194304,49f013a7ef76ca65,24,np-setting,48.6991,86151,0.0792,0,0,0.077472,0,48.6855
fields/00098__plt00049__fab0000_comp00_u.f32__c0000__dt-f32/chunk_0,4194304,c585ebf7879070e5,24,np-setting,232.294,18080,0.080416,0,0,0.083488,0,231.986
fields/00098__plt00049__fab0000_comp00_u.f32__c0001__dt-f32/chunk_0,4194304,14818ca9c87ce8ad,24,np-setting,232.655,18052,0.057952,0,0,0.07424,0,232.346
fields/00099__plt00049__fab0000_comp01_v.f32__c0000__dt-f32/chunk_0,4194304,20e40c87076ca65,24,np-setting,48.6991,86151,0.062016,0,0,0.079968,0,48.6855
fields/00099__plt00049__fab0000_comp01_v.f32__c0001__dt-f32/chunk_0,4194304,49f013a7ef76ca65,24,np-setting,48.6991,86151,0.08032,0,0,0.08688,0,48.6855
fields/00100__plt00050__fab0000_comp00_u.f32__c0000__dt-f32/chunk_0,4194304,c585ebf7879070e5,24,np-setting,27.9136,150284,0.039936,0,0,0.028672,0,27.9092
fields/00100__plt00050__fab0000_comp00_u.f32__c0001__dt-f32/chunk_0,4194304,14818ca9c87ce8ad,24,np-setting,232.655,18052,0.065152,0,0,0.07072,0,232.346
fields/00101__plt00050__fab0000_comp01_v.f32__c0000__dt-f32/chunk_0,4194304,20e40c87076ca65,24,np-setting,48.6991,86151,0.060096,0,0,0.070816,0,48.6855
fields/00101__plt00050__fab0000_comp01_v.f32__c0001__dt-f32/chunk_0,4194304,49f013a7ef76ca65,24,np-setting,48.6991,86151,0.071584,0,0,0.077792,0,48.6855
