,cost_ms,compress_ms,decompress_ms,stored_bytes,ratio
spratio shuffle=byte,41548.05345748204,382.2980480704,389.542175894,19455600432.47172,1.0205587881451708
store (raw),41729.701632,0.0,0.0,19855584000.0,1.0
bitcomp algo=1 shuffle=bit type=char,41789.40121391285,1111.388158864,832.5871040735,19084254987.737225,1.0404170355488542
ans shuffle=bit,41818.69988677276,1279.680510066,898.3716801762,19023972470.755383,1.0437138736677112
ndzip shuffle=byte,41913.64670876029,372.9172482721,317.71033553949997,19614679743.35513,1.012281834819479
ans shuffle=byte,41963.481021820735,1152.112636581,890.5841920265,18994464993.80283,1.0453352598495467
bitcomp shuffle=bit type=int,41966.59506488785,1071.370238403,1052.0444153439,19094868207.948376,1.0398387558252415
spspeed,42006.577380497976,276.8028800997,220.7082560176,19855427607.986393,1.0000078765371714
ndzip,42033.8685390343,304.1669070343,238.8203555552,19855584000.0,1.0
spratio,42073.274897569485,343.364416081,222.6431679854,19855385652.9815,1.0000099895827745
spspeed shuffle=bit,42131.9801602094,402.2785282094,311.9052480975,19855584000.0,1.0
ndzip shuffle=bit,42181.041928666295,451.3402966663,334.7025973205,19855584000.0,1.0
ans type=float16,42201.03038218511,1013.256863506,717.205376131,19256243613.600193,1.0311244705055822
spratio shuffle=bit,42222.66263395444,493.1374083386,312.3050242527,19855107357.017704,1.0000240060642194
bitcomp shuffle=byte type=int,42253.91403914261,978.396159088,1360.445920513,18995208830.056652,1.0452943254080973
bitcomp algo=1 type=char,42542.09820771612,812.2692157859,564.5754559341,19855575519.981056,1.0000004270850238
bitcomp algo=1 shuffle=byte type=char,42551.575709566605,821.731325635,658.341056036,19855579839.98315,1.0000002095137428
bitcomp type=int,42648.219073826,917.405920408,635.8976318311,19854822792.046288,1.0000383386929053
ans,42654.51296090153,1053.159839886,693.9356798896,19683660000.96467,1.008734351184023
cascaded bp=1 delta=0 rle=0 shuffle=byte type=int,42719.05117264222,1423.547388419,863.570368431,19499230127.808693,1.0182752790677154
gpulz,42896.52013230626,1205.775356038,1543.047167192,19831155275.9779,1.0012318356486114
gpulz shuffle=byte,42971.10628125766,1247.182851409,1748.003681293,19846910188.984585,1.000437035837459
gpulz shuffle=bit,43077.779682877765,1356.123140804,1715.643264212,19848595578.965977,1.0003520864237583
cascaded bp=1 delta=0 rle=1 shuffle=byte type=int,43241.13681583909,1810.917380811,959.877216033,19507801376.617565,1.0178278739191642
cascaded bp=1 delta=0 rle=0 type=int,43275.750977173,1546.049345173,794.7331517603,19855584000.0,1.0
cascaded bp=1 delta=0 rle=0 shuffle=bit type=int,43600.82930618365,1559.398397908,899.837216022,19851484483.86912,1.000206509298295
cascaded bp=1 delta=0 rle=1 type=int,43666.757759312204,1936.880543287,774.3761924773,19855562872.0028,1.0000010640845256
cascaded bp=1 delta=0 rle=1 shuffle=bit type=int,44143.29396536065,1978.319870893,992.8680316007,19852406475.27217,1.0001600574082434
lz4 bitshuffle=msb type=int,46080.92044494056,4354.611359454,2608.215775386,19842875393.023994,1.0006404619655311
snappy,52081.660989583936,10406.53894167,1931.280577216,19818566483.98714,1.0018678200586693
snappy shuffle=byte,53409.74816482895,11700.40115883,2576.68563244,19835162274.035816,1.0010295719128508
snappy shuffle=bit,56117.240706824756,14263.60115108,2779.7096304,19827822264.016727,1.001400140449799
lz4,57353.11880637231,15643.90514932,2662.016129483,19820855912.996967,1.0017520982522385
lz4 shuffle=byte,65934.14399843688,21577.884504,5319.869856654,19752549945.391045,1.0052162406825351
lz4 shuffle=bit,72861.32595616991,27545.53243543,6743.82585635,19677739922.602737,1.0090378304671557
gdeflate level=1,80531.22516264099,28850.94442871,11834.91244634,18953388944.731968,1.047600725015396
gdeflate level=1 shuffle=byte,86671.35446701072,35361.82372994,13239.86461011,18111309288.52926,1.0963085928070078
gdeflate level=1 shuffle=bit,92852.46932133086,41238.69284701,12984.11929337,18388080948.61937,1.0798072977534294
zstd,98545.21706265684,30748.26293471,28093.07022596,18884934328.62208,1.051398096201309
zstd shuffle=byte,112658.10322254317,47403.23532713,27380.9376226,18016876217.228992,1.102054749147508
deflate level=1,119784.7219306011,39229.30479818,40830.43840879,18896113413.468903,1.0507760810668716
zstd shuffle=bit,122324.93516644959,57490.34397437,26299.83922252,18333403156.472816,1.0830277297965687
deflate level=1 shuffle=byte,122614.83653377568,43276.82254797,41384.64534736,18055980108.01664,1.099668025840611
deflate level=1 shuffle=bit,129041.41767128251,49174.69184418,41401.77360601,18333054457.579998,1.0830483292319297
