blob,setting
fields/00000__plt00000__density.f32__c0000__dt-f32/chunk_0,29
fields/00000__plt00000__density.f32__c0001__dt-f32/chunk_0,29
fields/00000__plt00000__density.f32__c0002__dt-f32/chunk_0,29
fields/00000__plt00000__density.f32__c0003__dt-f32/chunk_0,29
fields/00001__plt00000__tracer0.f32__c0000__dt-f32/chunk_0,2
fields/00001__plt00000__tracer0.f32__c0001__dt-f32/chunk_0,38
fields/00001__plt00000__tracer0.f32__c0002__dt-f32/chunk_0,2
fields/00001__plt00000__tracer0.f32__c0003__dt-f32/chunk_0,38
fields/00002__plt00000__tracer1.f32__c0000__dt-f32/chunk_0,29
fields/00002__plt00000__tracer1.f32__c0001__dt-f32/chunk_0,30
fields/00002__plt00000__tracer1.f32__c0002__dt-f32/chunk_0,29
fields/00002__plt00000__tracer1.f32__c0003__dt-f32/chunk_0,30
fields/00003__plt00000__tracer2.f32__c0000__dt-f32/chunk_0,30
fields/00003__plt00000__tracer2.f32__c0001__dt-f32/chunk_0,38
fields/00003__plt00000__tracer2.f32__c0002__dt-f32/chunk_0,30
fields/00003__plt00000__tracer2.f32__c0003__dt-f32/chunk_0,38
fields/00004__plt00000__velz.f32__c0000__dt-f32/chunk_0,29
fields/00004__plt00000__velz.f32__c0001__dt-f32/chunk_0,29
fields/00004__plt00000__velz.f32__c0002__dt-f32/chunk_0,29
fields/00004__plt00000__velz.f32__c0003__dt-f32/chunk_0,29
fields/00005__plt00001__density.f32__c0000__dt-f32/chunk_0,29
fields/00005__plt00001__density.f32__c0001__dt-f32/chunk_0,29
fields/00005__plt00001__density.f32__c0002__dt-f32/chunk_0,29
fields/00005__plt00001__density.f32__c0003__dt-f32/chunk_0,29
fields/00006__plt00001__tracer0.f32__c0000__dt-f32/chunk_0,30
fields/00006__plt00001__tracer0.f32__c0001__dt-f32/chunk_0,38
fields/00006__plt00001__tracer0.f32__c0002__dt-f32/chunk_0,30
fields/00006__plt00001__tracer0.f32__c0003__dt-f32/chunk_0,29
fields/00007__plt00001__tracer1.f32__c0000__dt-f32/chunk_0,29
fields/00007__plt00001__tracer1.f32__c0001__dt-f32/chunk_0,30
fields/00007__plt00001__tracer1.f32__c0002__dt-f32/chunk_0,35
fields/00007__plt00001__tracer1.f32__c0003__dt-f32/chunk_0,30
fields/00008__plt00001__tracer2.f32__c0000__dt-f32/chunk_0,30
fields/00008__plt00001__tracer2.f32__c0001__dt-f32/chunk_0,38
fields/00008__plt00001__tracer2.f32__c0002__dt-f32/chunk_0,30
fields/00008__plt00001__tracer2.f32__c0003__dt-f32/chunk_0,38
fields/00009__plt00001__velz.f32__c0000__dt-f32/chunk_0,29
fields/00009__plt00001__velz.f32__c0001__dt-f32/chunk_0,35
fields/00009__plt00001__velz.f32__c0002__dt-f32/chunk_0,29
fields/00009__plt00001__velz.f32__c0003__dt-f32/chunk_0,29
fields/00010__plt00003__density.f32__c0000__dt-f32/chunk_0,29
fields/00010__plt00003__density.f32__c0001__dt-f32/chunk_0,29
fields/00010__plt00003__density.f32__c0002__dt-f32/chunk_0,29
fields/00010__plt00003__density.f32__c0003__dt-f32/chunk_0,29
fields/00011__plt00003__tracer0.f32__c0000__dt-f32/chunk_0,30
fields/00011__plt00003__tracer0.f32__c0001__dt-f32/chunk_0,38
fields/00011__plt00003__tracer0.f32__c0002__dt-f32/chunk_0,30
fields/00011__plt00003__tracer0.f32__c0003__dt-f32/chunk_0,35
fields/00012__plt00003__tracer1.f32__c0000__dt-f32/chunk_0,29
fields/00012__plt00003__tracer1.f32__c0001__dt-f32/chunk_0,30
fields/00012__plt00003__tracer1.f32__c0002__dt-f32/chunk_0,35
fields/00012__plt00003__tracer1.f32__c0003__dt-f32/chunk_0,30
fields/00013__plt00003__tracer2.f32__c0000__dt-f32/chunk_0,30
fields/00013__plt00003__tracer2.f32__c0001__dt-f32/chunk_0,29
fields/00013__plt00003__tracer2.f32__c0002__dt-f32/chunk_0,30
fields/00013__plt00003__tracer2.f32__c0003__dt-f32/chunk_0,38
fields/00014__plt00003__velz.f32__c0000__dt-f32/chunk_0,29
fields/00014__plt00003__velz.f32__c0001__dt-f32/chunk_0,29
fields/00014__plt00003__velz.f32__c0002__dt-f32/chunk_0,29
fields/00014__plt00003__velz.f32__c0003__dt-f32/chunk_0,29
fields/00015__plt00004__density.f32__c0000__dt-f32/chunk_0,29
fields/00015__plt00004__density.f32__c0001__dt-f32/chunk_0,29
fields/00015__plt00004__density.f32__c0002__dt-f32/chunk_0,29
fields/00015__plt00004__density.f32__c0003__dt-f32/chunk_0,29
fields/00016__plt00004__tracer0.f32__c0000__dt-f32/chunk_0,30
fields/00016__plt00004__tracer0.f32__c0001__dt-f32/chunk_0,38
fields/00016__plt00004__tracer0.f32__c0002__dt-f32/chunk_0,30
fields/00016__plt00004__tracer0.f32__c0003__dt-f32/chunk_0,35
fields/00017__plt00004__tracer1.f32__c0000__dt-f32/chunk_0,29
fields/00017__plt00004__tracer1.f32__c0001__dt-f32/chunk_0,30
fields/00017__plt00004__tracer1.f32__c0002__dt-f32/chunk_0,35
fields/00017__plt00004__tracer1.f32__c0003__dt-f32/chunk_0,30
fields/00018__plt00004__tracer2.f32__c0000__dt-f32/chunk_0,30
fields/00018__plt00004__tracer2.f32__c0001__dt-f32/chunk_0,38
fields/00018__plt00004__tracer2.f32__c0002__dt-f32/chunk_0,30
fields/00018__plt00004__tracer2.f32__c0003__dt-f32/chunk_0,38
fields/00019__plt00004__velz.f32__c0000__dt-f32/chunk_0,29
fields/00019__plt00004__velz.f32__c0001__dt-f32/chunk_0,29
fields/00019__plt00004__velz.f32__c0002__dt-f32/chunk_0,29
fields/00019__plt00004__velz.f32__c0003__dt-f32/chunk_0,29
fields/00020__plt00006__density.f32__c0000__dt-f32/chunk_0,29
fields/00020__plt00006__density.f32__c0001__dt-f32/chunk_0,29
fields/00020__plt00006__density.f32__c0002__dt-f32/chunk_0,29
fields/00020__plt00006__density.f32__c0003__dt-f32/chunk_0,29
fields/00021__plt00006__tracer0.f32__c0000__dt-f32/chunk_0,39
fields/00021__plt00006__tracer0.f32__c0001__dt-f32/chunk_0,38
fields/00021__plt00006__tracer0.f32__c0002__dt-f32/chunk_0,30
fields/00021__plt00006__tracer0.f32__c0003__dt-f32/chunk_0,38
fields/00022__plt00006__tracer1.f32__c0000__dt-f32/chunk_0,35
fields/00022__plt00006__tracer1.f32__c0001__dt-f32/chunk_0,30
fields/00022__plt00006__tracer1.f32__c0002__dt-f32/chunk_0,35
fields/00022__plt00006__tracer1.f32__c0003__dt-f32/chunk_0,30
fields/00023__plt00006__tracer2.f32__c0000__dt-f32/chunk_0,39
fields/00023__plt00006__tracer2.f32__c0001__dt-f32/chunk_0,38
fields/00023__plt00006__tracer2.f32__c0002__dt-f32/chunk_0,30
fields/00023__plt00006__tracer2.f32__c0003__dt-f32/chunk_0,29
fields/00024__plt00006__velz.f32__c0000__dt-f32/chunk_0,29
fields/00024__plt00006__velz.f32__c0001__dt-f32/chunk_0,29
fields/00024__plt00006__velz.f32__c0002__dt-f32/chunk_0,35
fields/00024__plt00006__velz.f32__c0003__dt-f32/chunk_0,29
fields/00025__plt00009__density.f32__c0000__dt-f32/chunk_0,29
fields/00025__plt00009__density.f32__c0001__dt-f32/chunk_0,29
fields/00025__plt00009__density.f32__c0002__dt-f32/chunk_0,29
fields/00025__plt00009__density.f32__c0003__dt-f32/chunk_0,29
fields/00026__plt00009__tracer0.f32__c0000__dt-f32/chunk_0,30
fields/00026__plt00009__tracer0.f32__c0001__dt-f32/chunk_0,38
fields/00026__plt00009__tracer0.f32__c0002__dt-f32/chunk_0,30
fields/00026__plt00009__tracer0.f32__c0003__dt-f32/chunk_0,38
fields/00027__plt00009__tracer1.f32__c0000__dt-f32/chunk_0,35
fields/00027__plt00009__tracer1.f32__c0001__dt-f32/chunk_0,30
fields/00027__plt00009__tracer1.f32__c0002__dt-f32/chunk_0,29
fields/00027__plt00009__tracer1.f32__c0003__dt-f32/chunk_0,30
fields/00028__plt00009__tracer2.f32__c0000__dt-f32/chunk_0,30
fields/00028__plt00009__tracer2.f32__c0001__dt-f32/chunk_0,29
fields/00028__plt00009__tracer2.f32__c0002__dt-f32/chunk_0,30
fields/00028__plt00009__tracer2.f32__c0003__dt-f32/chunk_0,38
fields/00029__plt00009__velz.f32__c0000__dt-f32/chunk_0,29
fields/00029__plt00009__velz.f32__c0001__dt-f32/chunk_0,29
fields/00029__plt00009__velz.f32__c0002__dt-f32/chunk_0,35
fields/00029__plt00009__velz.f32__c0003__dt-f32/chunk_0,29
fields/00030__plt00012__density.f32__c0000__dt-f32/chunk_0,29
fields/00030__plt00012__density.f32__c0001__dt-f32/chunk_0,29
fields/00030__plt00012__density.f32__c0002__dt-f32/chunk_0,29
fields/00030__plt00012__density.f32__c0003__dt-f32/chunk_0,29
fields/00031__plt00012__tracer0.f32__c0000__dt-f32/chunk_0,30
fields/00031__plt00012__tracer0.f32__c0001__dt-f32/chunk_0,38
fields/00031__plt00012__tracer0.f32__c0002__dt-f32/chunk_0,30
fields/00031__plt00012__tracer0.f32__c0003__dt-f32/chunk_0,38
fields/00032__plt00012__tracer1.f32__c0000__dt-f32/chunk_0,29
fields/00032__plt00012__tracer1.f32__c0001__dt-f32/chunk_0,39
fields/00032__plt00012__tracer1.f32__c0002__dt-f32/chunk_0,35
fields/00032__plt00012__tracer1.f32__c0003__dt-f32/chunk_0,30
fields/00033__plt00012__tracer2.f32__c0000__dt-f32/chunk_0,30
fields/00033__plt00012__tracer2.f32__c0001__dt-f32/chunk_0,38
fields/00033__plt00012__tracer2.f32__c0002__dt-f32/chunk_0,30
fields/00033__plt00012__tracer2.f32__c0003__dt-f32/chunk_0,38
fields/00034__plt00012__velz.f32__c0000__dt-f32/chunk_0,29
fields/00034__plt00012__velz.f32__c0001__dt-f32/chunk_0,29
fields/00034__plt00012__velz.f32__c0002__dt-f32/chunk_0,35
fields/00034__plt00012__velz.f32__c0003__dt-f32/chunk_0,29
fields/00035__plt00016__density.f32__c0000__dt-f32/chunk_0,29
fields/00035__plt00016__density.f32__c0001__dt-f32/chunk_0,29
fields/00035__plt00016__density.f32__c0002__dt-f32/chunk_0,29
fields/00035__plt00016__density.f32__c0003__dt-f32/chunk_0,29
fields/00036__plt00016__tracer0.f32__c0000__dt-f32/chunk_0,30
fields/00036__plt00016__tracer0.f32__c0001__dt-f32/chunk_0,38
fields/00036__plt00016__tracer0.f32__c0002__dt-f32/chunk_0,30
fields/00036__plt00016__tracer0.f32__c0003__dt-f32/chunk_0,29
fields/00037__plt00016__tracer1.f32__c0000__dt-f32/chunk_0,29
fields/00037__plt00016__tracer1.f32__c0001__dt-f32/chunk_0,30
fields/00037__plt00016__tracer1.f32__c0002__dt-f32/chunk_0,29
fields/00037__plt00016__tracer1.f32__c0003__dt-f32/chunk_0,30
fields/00038__plt00016__tracer2.f32__c0000__dt-f32/chunk_0,30
fields/00038__plt00016__tracer2.f32__c0001__dt-f32/chunk_0,29
fields/00038__plt00016__tracer2.f32__c0002__dt-f32/chunk_0,30
fields/00038__plt00016__tracer2.f32__c0003__dt-f32/chunk_0,38
fields/00039__plt00016__velz.f32__c0000__dt-f32/chunk_0,29
fields/00039__plt00016__velz.f32__c0001__dt-f32/chunk_0,29
fields/00039__plt00016__velz.f32__c0002__dt-f32/chunk_0,29
fields/00039__plt00016__velz.f32__c0003__dt-f32/chunk_0,29
fields/00040__plt00020__density.f32__c0000__dt-f32/chunk_0,29
fields/00040__plt00020__density.f32__c0001__dt-f32/chunk_0,29
fields/00040__plt00020__density.f32__c0002__dt-f32/chunk_0,29
fields/00040__plt00020__density.f32__c0003__dt-f32/chunk_0,29
fields/00041__plt00020__tracer0.f32__c0000__dt-f32/chunk_0,30
fields/00041__plt00020__tracer0.f32__c0001__dt-f32/chunk_0,38
fields/00041__plt00020__tracer0.f32__c0002__dt-f32/chunk_0,30
fields/00041__plt00020__tracer0.f32__c0003__dt-f32/chunk_0,38
fields/00042__plt00020__tracer1.f32__c0000__dt-f32/chunk_0,38
fields/00042__plt00020__tracer1.f32__c0001__dt-f32/chunk_0,30
fields/00042__plt00020__tracer1.f32__c0002__dt-f32/chunk_0,29
fields/00042__plt00020__tracer1.f32__c0003__dt-f32/chunk_0,30
fields/00043__plt00020__tracer2.f32__c0000__dt-f32/chunk_0,30
fields/00043__plt00020__tracer2.f32__c0001__dt-f32/chunk_0,38
fields/00043__plt00020__tracer2.f32__c0002__dt-f32/chunk_0,30
fields/00043__plt00020__tracer2.f32__c0003__dt-f32/chunk_0,38
fields/00044__plt00020__velz.f32__c0000__dt-f32/chunk_0,29
fields/00044__plt00020__velz.f32__c0001__dt-f32/chunk_0,35
fields/00044__plt00020__velz.f32__c0002__dt-f32/chunk_0,29
fields/00044__plt00020__velz.f32__c0003__dt-f32/chunk_0,29
fields/00045__plt00026__density.f32__c0000__dt-f32/chunk_0,29
fields/00045__plt00026__density.f32__c0001__dt-f32/chunk_0,29
fields/00045__plt00026__density.f32__c0002__dt-f32/chunk_0,29
fields/00045__plt00026__density.f32__c0003__dt-f32/chunk_0,29
fields/00046__plt00026__tracer0.f32__c0000__dt-f32/chunk_0,30
fields/00046__plt00026__tracer0.f32__c0001__dt-f32/chunk_0,38
fields/00046__plt00026__tracer0.f32__c0002__dt-f32/chunk_0,30
fields/00046__plt00026__tracer0.f32__c0003__dt-f32/chunk_0,38
fields/00047__plt00026__tracer1.f32__c0000__dt-f32/chunk_0,29
fields/00047__plt00026__tracer1.f32__c0001__dt-f32/chunk_0,30
fields/00047__plt00026__tracer1.f32__c0002__dt-f32/chunk_0,29
fields/00047__plt00026__tracer1.f32__c0003__dt-f32/chunk_0,30
fields/00048__plt00026__tracer2.f32__c0000__dt-f32/chunk_0,30
fields/00048__plt00026__tracer2.f32__c0001__dt-f32/chunk_0,35
fields/00048__plt00026__tracer2.f32__c0002__dt-f32/chunk_0,39
fields/00048__plt00026__tracer2.f32__c0003__dt-f32/chunk_0,38
fields/00049__plt00026__velz.f32__c0000__dt-f32/chunk_0,29
fields/00049__plt00026__velz.f32__c0001__dt-f32/chunk_0,29
fields/00049__plt00026__velz.f32__c0002__dt-f32/chunk_0,29
fields/00049__plt00026__velz.f32__c0003__dt-f32/chunk_0,35
fields/00050__plt00032__density.f32__c0000__dt-f32/chunk_0,29
fields/00050__plt00032__density.f32__c0001__dt-f32/chunk_0,29
fields/00050__plt00032__density.f32__c0002__dt-f32/chunk_0,29
fields/00050__plt00032__density.f32__c0003__dt-f32/chunk_0,29
fields/00051__plt00032__tracer0.f32__c0000__dt-f32/chunk_0,30
fields/00051__plt00032__tracer0.f32__c0001__dt-f32/chunk_0,38
fields/00051__plt00032__tracer0.f32__c0002__dt-f32/chunk_0,39
fields/00051__plt00032__tracer0.f32__c0003__dt-f32/chunk_0,35
fields/00052__plt00032__tracer1.f32__c0000__dt-f32/chunk_0,35
fields/00052__plt00032__tracer1.f32__c0001__dt-f32/chunk_0,30
fields/00052__plt00032__tracer1.f32__c0002__dt-f32/chunk_0,29
fields/00052__plt00032__tracer1.f32__c0003__dt-f32/chunk_0,30
fields/00053__plt00032__tracer2.f32__c0000__dt-f32/chunk_0,30
fields/00053__plt00032__tracer2.f32__c0001__dt-f32/chunk_0,38
fields/00053__plt00032__tracer2.f32__c0002__dt-f32/chunk_0,30
fields/00053__plt00032__tracer2.f32__c0003__dt-f32/chunk_0,38
fields/00054__plt00032__velz.f32__c0000__dt-f32/chunk_0,29
fields/00054__plt00032__velz.f32__c0001__dt-f32/chunk_0,29
fields/00054__plt00032__velz.f32__c0002__dt-f32/chunk_0,29
fields/00054__plt00032__velz.f32__c0003__dt-f32/chunk_0,29
fields/00055__plt00040__density.f32__c0000__dt-f32/chunk_0,31
fields/00055__plt00040__density.f32__c0001__dt-f32/chunk_0,29
fields/00055__plt00040__density.f32__c0002__dt-f32/chunk_0,29
fields/00055__plt00040__density.f32__c0003__dt-f32/chunk_0,29
fields/00056__plt00040__tracer0.f32__c0000__dt-f32/chunk_0,2
fields/00056__plt00040__tracer0.f32__c0001__dt-f32/chunk_0,38
fields/00056__plt00040__tracer0.f32__c0002__dt-f32/chunk_0,30
fields/00056__plt00040__tracer0.f32__c0003__dt-f32/chunk_0,38
fields/00057__plt00040__tracer1.f32__c0000__dt-f32/chunk_0,29
fields/00057__plt00040__tracer1.f32__c0001__dt-f32/chunk_0,30
fields/00057__plt00040__tracer1.f32__c0002__dt-f32/chunk_0,35
fields/00057__plt00040__tracer1.f32__c0003__dt-f32/chunk_0,30
fields/00058__plt00040__tracer2.f32__c0000__dt-f32/chunk_0,30
fields/00058__plt00040__tracer2.f32__c0001__dt-f32/chunk_0,38
fields/00058__plt00040__tracer2.f32__c0002__dt-f32/chunk_0,2
fields/00058__plt00040__tracer2.f32__c0003__dt-f32/chunk_0,38
fields/00059__plt00040__velz.f32__c0000__dt-f32/chunk_0,29
fields/00059__plt00040__velz.f32__c0001__dt-f32/chunk_0,35
fields/00059__plt00040__velz.f32__c0002__dt-f32/chunk_0,35
fields/00059__plt00040__velz.f32__c0003__dt-f32/chunk_0,29
fields/00060__plt00049__density.f32__c0000__dt-f32/chunk_0,29
fields/00060__plt00049__density.f32__c0001__dt-f32/chunk_0,29
fields/00060__plt00049__density.f32__c0002__dt-f32/chunk_0,29
fields/00060__plt00049__density.f32__c0003__dt-f32/chunk_0,29
fields/00061__plt00049__tracer0.f32__c0000__dt-f32/chunk_0,30
fields/00061__plt00049__tracer0.f32__c0001__dt-f32/chunk_0,38
fields/00061__plt00049__tracer0.f32__c0002__dt-f32/chunk_0,30
fields/00061__plt00049__tracer0.f32__c0003__dt-f32/chunk_0,38
fields/00062__plt00049__tracer1.f32__c0000__dt-f32/chunk_0,35
fields/00062__plt00049__tracer1.f32__c0001__dt-f32/chunk_0,30
fields/00062__plt00049__tracer1.f32__c0002__dt-f32/chunk_0,29
fields/00062__plt00049__tracer1.f32__c0003__dt-f32/chunk_0,30
fields/00063__plt00049__tracer2.f32__c0000__dt-f32/chunk_0,30
fields/00063__plt00049__tracer2.f32__c0001__dt-f32/chunk_0,38
fields/00063__plt00049__tracer2.f32__c0002__dt-f32/chunk_0,30
fields/00063__plt00049__tracer2.f32__c0003__dt-f32/chunk_0,38
fields/00064__plt00049__velz.f32__c0000__dt-f32/chunk_0,29
fields/00064__plt00049__velz.f32__c0001__dt-f32/chunk_0,35
fields/00064__plt00049__velz.f32__c0002__dt-f32/chunk_0,29
fields/00064__plt00049__velz.f32__c0003__dt-f32/chunk_0,29
fields/00065__plt00060__density.f32__c0000__dt-f32/chunk_0,29
fields/00065__plt00060__density.f32__c0001__dt-f32/chunk_0,29
fields/00065__plt00060__density.f32__c0002__dt-f32/chunk_0,29
fields/00065__plt00060__density.f32__c0003__dt-f32/chunk_0,29
fields/00066__plt00060__tracer0.f32__c0000__dt-f32/chunk_0,30
fields/00066__plt00060__tracer0.f32__c0001__dt-f32/chunk_0,38
fields/00066__plt00060__tracer0.f32__c0002__dt-f32/chunk_0,30
fields/00066__plt00060__tracer0.f32__c0003__dt-f32/chunk_0,38
fields/00067__plt00060__tracer1.f32__c0000__dt-f32/chunk_0,35
fields/00067__plt00060__tracer1.f32__c0001__dt-f32/chunk_0,30
fields/00067__plt00060__tracer1.f32__c0002__dt-f32/chunk_0,35
fields/00067__plt00060__tracer1.f32__c0003__dt-f32/chunk_0,30
fields/00068__plt00060__tracer2.f32__c0000__dt-f32/chunk_0,30
fields/00068__plt00060__tracer2.f32__c0001__dt-f32/chunk_0,38
fields/00068__plt00060__tracer2.f32__c0002__dt-f32/chunk_0,30
fields/00068__plt00060__tracer2.f32__c0003__dt-f32/chunk_0,38
fields/00069__plt00060__velz.f32__c0000__dt-f32/chunk_0,29
fields/00069__plt00060__velz.f32__c0001__dt-f32/chunk_0,29
fields/00069__plt00060__velz.f32__c0002__dt-f32/chunk_0,29
fields/00069__plt00060__velz.f32__c0003__dt-f32/chunk_0,29
fields/00070__plt00072__density.f32__c0000__dt-f32/chunk_0,29
fields/00070__plt00072__density.f32__c0001__dt-f32/chunk_0,35
fields/00070__plt00072__density.f32__c0002__dt-f32/chunk_0,29
fields/00070__plt00072__density.f32__c0003__dt-f32/chunk_0,29
fields/00071__plt00072__tracer0.f32__c0000__dt-f32/chunk_0,30
fields/00071__plt00072__tracer0.f32__c0001__dt-f32/chunk_0,38
fields/00071__plt00072__tracer0.f32__c0002__dt-f32/chunk_0,30
fields/00071__plt00072__tracer0.f32__c0003__dt-f32/chunk_0,38
fields/00072__plt00072__tracer1.f32__c0000__dt-f32/chunk_0,29
fields/00072__plt00072__tracer1.f32__c0001__dt-f32/chunk_0,30
fields/00072__plt00072__tracer1.f32__c0002__dt-f32/chunk_0,35
fields/00072__plt00072__tracer1.f32__c0003__dt-f32/chunk_0,30
fields/00073__plt00072__tracer2.f32__c0000__dt-f32/chunk_0,30
fields/00073__plt00072__tracer2.f32__c0001__dt-f32/chunk_0,38
fields/00073__plt00072__tracer2.f32__c0002__dt-f32/chunk_0,30
fields/00073__plt00072__tracer2.f32__c0003__dt-f32/chunk_0,38
fields/00074__plt00072__velz.f32__c0000__dt-f32/chunk_0,29
fields/00074__plt00072__velz.f32__c0001__dt-f32/chunk_0,35
fields/00074__plt00072__velz.f32__c0002__dt-f32/chunk_0,29
fields/00074__plt00072__velz.f32__c0003__dt-f32/chunk_0,29
fields/00075__plt00085__density.f32__c0000__dt-f32/chunk_0,29
fields/00075__plt00085__density.f32__c0001__dt-f32/chunk_0,29
fields/00075__plt00085__density.f32__c0002__dt-f32/chunk_0,29
fields/00075__plt00085__density.f32__c0003__dt-f32/chunk_0,29
fields/00076__plt00085__tracer0.f32__c0000__dt-f32/chunk_0,30
fields/00076__plt00085__tracer0.f32__c0001__dt-f32/chunk_0,38
fields/00076__plt00085__tracer0.f32__c0002__dt-f32/chunk_0,2
fields/00076__plt00085__tracer0.f32__c0003__dt-f32/chunk_0,38
fields/00077__plt00085__tracer1.f32__c0000__dt-f32/chunk_0,35
fields/00077__plt00085__tracer1.f32__c0001__dt-f32/chunk_0,2
fields/00077__plt00085__tracer1.f32__c0002__dt-f32/chunk_0,35
fields/00077__plt00085__tracer1.f32__c0003__dt-f32/chunk_0,30
fields/00078__plt00085__tracer2.f32__c0000__dt-f32/chunk_0,30
fields/00078__plt00085__tracer2.f32__c0001__dt-f32/chunk_0,29
fields/00078__plt00085__tracer2.f32__c0002__dt-f32/chunk_0,30
fields/00078__plt00085__tracer2.f32__c0003__dt-f32/chunk_0,38
fields/00079__plt00085__velz.f32__c0000__dt-f32/chunk_0,29
fields/00079__plt00085__velz.f32__c0001__dt-f32/chunk_0,35
fields/00079__plt00085__velz.f32__c0002__dt-f32/chunk_0,29
fields/00079__plt00085__velz.f32__c0003__dt-f32/chunk_0,29
fields/00080__plt00100__density.f32__c0000__dt-f32/chunk_0,29
fields/00080__plt00100__density.f32__c0001__dt-f32/chunk_0,35
fields/00080__plt00100__density.f32__c0002__dt-f32/chunk_0,29
fields/00080__plt00100__density.f32__c0003__dt-f32/chunk_0,29
fields/00081__plt00100__tracer0.f32__c0000__dt-f32/chunk_0,30
fields/00081__plt00100__tracer0.f32__c0001__dt-f32/chunk_0,38
fields/00081__plt00100__tracer0.f32__c0002__dt-f32/chunk_0,30
fields/00081__plt00100__tracer0.f32__c0003__dt-f32/chunk_0,38
fields/00082__plt00100__tracer1.f32__c0000__dt-f32/chunk_0,29
fields/00082__plt00100__tracer1.f32__c0001__dt-f32/chunk_0,30
fields/00082__plt00100__tracer1.f32__c0002__dt-f32/chunk_0,29
fields/00082__plt00100__tracer1.f32__c0003__dt-f32/chunk_0,30
fields/00083__plt00100__tracer2.f32__c0000__dt-f32/chunk_0,30
fields/00083__plt00100__tracer2.f32__c0001__dt-f32/chunk_0,38
fields/00083__plt00100__tracer2.f32__c0002__dt-f32/chunk_0,30
fields/00083__plt00100__tracer2.f32__c0003__dt-f32/chunk_0,38
fields/00084__plt00100__velz.f32__c0000__dt-f32/chunk_0,29
fields/00084__plt00100__velz.f32__c0001__dt-f32/chunk_0,35
fields/00084__plt00100__velz.f32__c0002__dt-f32/chunk_0,29
fields/00084__plt00100__velz.f32__c0003__dt-f32/chunk_0,29
fields/00085__plt00116__density.f32__c0000__dt-f32/chunk_0,29
fields/00085__plt00116__density.f32__c0001__dt-f32/chunk_0,35
fields/00085__plt00116__density.f32__c0002__dt-f32/chunk_0,29
fields/00085__plt00116__density.f32__c0003__dt-f32/chunk_0,29
fields/00086__plt00116__tracer0.f32__c0000__dt-f32/chunk_0,30
fields/00086__plt00116__tracer0.f32__c0001__dt-f32/chunk_0,38
fields/00086__plt00116__tracer0.f32__c0002__dt-f32/chunk_0,30
fields/00086__plt00116__tracer0.f32__c0003__dt-f32/chunk_0,35
fields/00087__plt00116__tracer1.f32__c0000__dt-f32/chunk_0,35
fields/00087__plt00116__tracer1.f32__c0001__dt-f32/chunk_0,30
fields/00087__plt00116__tracer1.f32__c0002__dt-f32/chunk_0,29
fields/00087__plt00116__tracer1.f32__c0003__dt-f32/chunk_0,30
fields/00088__plt00116__tracer2.f32__c0000__dt-f32/chunk_0,30
fields/00088__plt00116__tracer2.f32__c0001__dt-f32/chunk_0,38
fields/00088__plt00116__tracer2.f32__c0002__dt-f32/chunk_0,30
fields/00088__plt00116__tracer2.f32__c0003__dt-f32/chunk_0,38
fields/00089__plt00116__velz.f32__c0000__dt-f32/chunk_0,29
fields/00089__plt00116__velz.f32__c0001__dt-f32/chunk_0,35
fields/00089__plt00116__velz.f32__c0002__dt-f32/chunk_0,29
fields/00089__plt00116__velz.f32__c0003__dt-f32/chunk_0,29
fields/00090__plt00135__density.f32__c0000__dt-f32/chunk_0,29
fields/00090__plt00135__density.f32__c0001__dt-f32/chunk_0,35
fields/00090__plt00135__density.f32__c0002__dt-f32/chunk_0,35
fields/00090__plt00135__density.f32__c0003__dt-f32/chunk_0,29
fields/00091__plt00135__tracer0.f32__c0000__dt-f32/chunk_0,30
fields/00091__plt00135__tracer0.f32__c0001__dt-f32/chunk_0,38
fields/00091__plt00135__tracer0.f32__c0002__dt-f32/chunk_0,30
fields/00091__plt00135__tracer0.f32__c0003__dt-f32/chunk_0,38
fields/00092__plt00135__tracer1.f32__c0000__dt-f32/chunk_0,35
fields/00092__plt00135__tracer1.f32__c0001__dt-f32/chunk_0,30
fields/00092__plt00135__tracer1.f32__c0002__dt-f32/chunk_0,35
fields/00092__plt00135__tracer1.f32__c0003__dt-f32/chunk_0,30
fields/00093__plt00135__tracer2.f32__c0000__dt-f32/chunk_0,30
fields/00093__plt00135__tracer2.f32__c0001__dt-f32/chunk_0,38
fields/00093__plt00135__tracer2.f32__c0002__dt-f32/chunk_0,30
fields/00093__plt00135__tracer2.f32__c0003__dt-f32/chunk_0,38
fields/00094__plt00135__velz.f32__c0000__dt-f32/chunk_0,29
fields/00094__plt00135__velz.f32__c0001__dt-f32/chunk_0,35
fields/00094__plt00135__velz.f32__c0002__dt-f32/chunk_0,29
fields/00094__plt00135__velz.f32__c0003__dt-f32/chunk_0,29
fields/00095__plt00155__density.f32__c0000__dt-f32/chunk_0,29
fields/00095__plt00155__density.f32__c0001__dt-f32/chunk_0,35
fields/00095__plt00155__density.f32__c0002__dt-f32/chunk_0,35
fields/00095__plt00155__density.f32__c0003__dt-f32/chunk_0,29
fields/00096__plt00155__tracer0.f32__c0000__dt-f32/chunk_0,30
fields/00096__plt00155__tracer0.f32__c0001__dt-f32/chunk_0,38
fields/00096__plt00155__tracer0.f32__c0002__dt-f32/chunk_0,30
fields/00096__plt00155__tracer0.f32__c0003__dt-f32/chunk_0,38
fields/00097__plt00155__tracer1.f32__c0000__dt-f32/chunk_0,35
fields/00097__plt00155__tracer1.f32__c0001__dt-f32/chunk_0,30
fields/00097__plt00155__tracer1.f32__c0002__dt-f32/chunk_0,35
fields/00097__plt00155__tracer1.f32__c0003__dt-f32/chunk_0,30
fields/00098__plt00155__tracer2.f32__c0000__dt-f32/chunk_0,30
fields/00098__plt00155__tracer2.f32__c0001__dt-f32/chunk_0,38
fields/00098__plt00155__tracer2.f32__c0002__dt-f32/chunk_0,39
fields/00098__plt00155__tracer2.f32__c0003__dt-f32/chunk_0,38
fields/00099__plt00155__velz.f32__c0000__dt-f32/chunk_0,29
fields/00099__plt00155__velz.f32__c0001__dt-f32/chunk_0,29
fields/00099__plt00155__velz.f32__c0002__dt-f32/chunk_0,29
fields/00099__plt00155__velz.f32__c0003__dt-f32/chunk_0,29
fields/00100__plt00177__density.f32__c0000__dt-f32/chunk_0,29
fields/00100__plt00177__density.f32__c0001__dt-f32/chunk_0,35
fields/00100__plt00177__density.f32__c0002__dt-f32/chunk_0,35
fields/00100__plt00177__density.f32__c0003__dt-f32/chunk_0,29
fields/00101__plt00177__tracer0.f32__c0000__dt-f32/chunk_0,2
fields/00101__plt00177__tracer0.f32__c0001__dt-f32/chunk_0,38
fields/00101__plt00177__tracer0.f32__c0002__dt-f32/chunk_0,2
fields/00101__plt00177__tracer0.f32__c0003__dt-f32/chunk_0,38
fields/00102__plt00177__tracer1.f32__c0000__dt-f32/chunk_0,29
fields/00102__plt00177__tracer1.f32__c0001__dt-f32/chunk_0,39
fields/00102__plt00177__tracer1.f32__c0002__dt-f32/chunk_0,29
fields/00102__plt00177__tracer1.f32__c0003__dt-f32/chunk_0,30
fields/00103__plt00177__tracer2.f32__c0000__dt-f32/chunk_0,30
fields/00103__plt00177__tracer2.f32__c0001__dt-f32/chunk_0,38
fields/00103__plt00177__tracer2.f32__c0002__dt-f32/chunk_0,30
fields/00103__plt00177__tracer2.f32__c0003__dt-f32/chunk_0,29
fields/00104__plt00177__velz.f32__c0000__dt-f32/chunk_0,29
fields/00104__plt00177__velz.f32__c0001__dt-f32/chunk_0,35
fields/00104__plt00177__velz.f32__c0002__dt-f32/chunk_0,35
fields/00104__plt00177__velz.f32__c0003__dt-f32/chunk_0,35
fields/00105__plt00201__density.f32__c0000__dt-f32/chunk_0,29
fields/00105__plt00201__density.f32__c0001__dt-f32/chunk_0,35
fields/00105__plt00201__density.f32__c0002__dt-f32/chunk_0,35
fields/00105__plt00201__density.f32__c0003__dt-f32/chunk_0,29
fields/00106__plt00201__tracer0.f32__c0000__dt-f32/chunk_0,30
fields/00106__plt00201__tracer0.f32__c0001__dt-f32/chunk_0,38
fields/00106__plt00201__tracer0.f32__c0002__dt-f32/chunk_0,30
fields/00106__plt00201__tracer0.f32__c0003__dt-f32/chunk_0,38
fields/00107__plt00201__tracer1.f32__c0000__dt-f32/chunk_0,29
fields/00107__plt00201__tracer1.f32__c0001__dt-f32/chunk_0,30
fields/00107__plt00201__tracer1.f32__c0002__dt-f32/chunk_0,38
fields/00107__plt00201__tracer1.f32__c0003__dt-f32/chunk_0,30
fields/00108__plt00201__tracer2.f32__c0000__dt-f32/chunk_0,30
fields/00108__plt00201__tracer2.f32__c0001__dt-f32/chunk_0,29
fields/00108__plt00201__tracer2.f32__c0002__dt-f32/chunk_0,30
fields/00108__plt00201__tracer2.f32__c0003__dt-f32/chunk_0,35
fields/00109__plt00201__velz.f32__c0000__dt-f32/chunk_0,35
fields/00109__plt00201__velz.f32__c0001__dt-f32/chunk_0,35
fields/00109__plt00201__velz.f32__c0002__dt-f32/chunk_0,29
fields/00109__plt00201__velz.f32__c0003__dt-f32/chunk_0,29
fields/00110__plt00228__density.f32__c0000__dt-f32/chunk_0,29
fields/00110__plt00228__density.f32__c0001__dt-f32/chunk_0,35
fields/00110__plt00228__density.f32__c0002__dt-f32/chunk_0,35
fields/00110__plt00228__density.f32__c0003__dt-f32/chunk_0,29
fields/00111__plt00228__tracer0.f32__c0000__dt-f32/chunk_0,30
fields/00111__plt00228__tracer0.f32__c0001__dt-f32/chunk_0,38
fields/00111__plt00228__tracer0.f32__c0002__dt-f32/chunk_0,30
fields/00111__plt00228__tracer0.f32__c0003__dt-f32/chunk_0,38
fields/00112__plt00228__tracer1.f32__c0000__dt-f32/chunk_0,35
fields/00112__plt00228__tracer1.f32__c0001__dt-f32/chunk_0,30
fields/00112__plt00228__tracer1.f32__c0002__dt-f32/chunk_0,35
fields/00112__plt00228__tracer1.f32__c0003__dt-f32/chunk_0,2
fields/00113__plt00228__tracer2.f32__c0000__dt-f32/chunk_0,30
fields/00113__plt00228__tracer2.f32__c0001__dt-f32/chunk_0,38
fields/00113__plt00228__tracer2.f32__c0002__dt-f32/chunk_0,30
fields/00113__plt00228__tracer2.f32__c0003__dt-f32/chunk_0,38
fields/00114__plt00228__velz.f32__c0000__dt-f32/chunk_0,29
fields/00114__plt00228__velz.f32__c0001__dt-f32/chunk_0,35
fields/00114__plt00228__velz.f32__c0002__dt-f32/chunk_0,29
fields/00114__plt00228__velz.f32__c0003__dt-f32/chunk_0,29
fields/00115__plt00257__density.f32__c0000__dt-f32/chunk_0,29
fields/00115__plt00257__density.f32__c0001__dt-f32/chunk_0,35
fields/00115__plt00257__density.f32__c0002__dt-f32/chunk_0,35
fields/00115__plt00257__density.f32__c0003__dt-f32/chunk_0,29
fields/00116__plt00257__tracer0.f32__c0000__dt-f32/chunk_0,30
fields/00116__plt00257__tracer0.f32__c0001__dt-f32/chunk_0,35
fields/00116__plt00257__tracer0.f32__c0002__dt-f32/chunk_0,30
fields/00116__plt00257__tracer0.f32__c0003__dt-f32/chunk_0,38
fields/00117__plt00257__tracer1.f32__c0000__dt-f32/chunk_0,29
fields/00117__plt00257__tracer1.f32__c0001__dt-f32/chunk_0,2
fields/00117__plt00257__tracer1.f32__c0002__dt-f32/chunk_0,35
fields/00117__plt00257__tracer1.f32__c0003__dt-f32/chunk_0,2
fields/00118__plt00257__tracer2.f32__c0000__dt-f32/chunk_0,30
fields/00118__plt00257__tracer2.f32__c0001__dt-f32/chunk_0,38
fields/00118__plt00257__tracer2.f32__c0002__dt-f32/chunk_0,2
fields/00118__plt00257__tracer2.f32__c0003__dt-f32/chunk_0,38
fields/00119__plt00257__velz.f32__c0000__dt-f32/chunk_0,35
fields/00119__plt00257__velz.f32__c0001__dt-f32/chunk_0,35
fields/00119__plt00257__velz.f32__c0002__dt-f32/chunk_0,29
fields/00119__plt00257__velz.f32__c0003__dt-f32/chunk_0,35
fields/00120__plt00289__density.f32__c0000__dt-f32/chunk_0,35
fields/00120__plt00289__density.f32__c0001__dt-f32/chunk_0,35
fields/00120__plt00289__density.f32__c0002__dt-f32/chunk_0,35
fields/00120__plt00289__density.f32__c0003__dt-f32/chunk_0,29
fields/00121__plt00289__tracer0.f32__c0000__dt-f32/chunk_0,2
fields/00121__plt00289__tracer0.f32__c0001__dt-f32/chunk_0,38
fields/00121__plt00289__tracer0.f32__c0002__dt-f32/chunk_0,2
fields/00121__plt00289__tracer0.f32__c0003__dt-f32/chunk_0,29
fields/00122__plt00289__tracer1.f32__c0000__dt-f32/chunk_0,35
fields/00122__plt00289__tracer1.f32__c0001__dt-f32/chunk_0,2
fields/00122__plt00289__tracer1.f32__c0002__dt-f32/chunk_0,29
fields/00122__plt00289__tracer1.f32__c0003__dt-f32/chunk_0,2
fields/00123__plt00289__tracer2.f32__c0000__dt-f32/chunk_0,30
fields/00123__plt00289__tracer2.f32__c0001__dt-f32/chunk_0,38
fields/00123__plt00289__tracer2.f32__c0002__dt-f32/chunk_0,30
fields/00123__plt00289__tracer2.f32__c0003__dt-f32/chunk_0,38
fields/00124__plt00289__velz.f32__c0000__dt-f32/chunk_0,35
fields/00124__plt00289__velz.f32__c0001__dt-f32/chunk_0,35
fields/00124__plt00289__velz.f32__c0002__dt-f32/chunk_0,29
fields/00124__plt00289__velz.f32__c0003__dt-f32/chunk_0,29
fields/00125__plt00324__density.f32__c0000__dt-f32/chunk_0,35
fields/00125__plt00324__density.f32__c0001__dt-f32/chunk_0,35
fields/00125__plt00324__density.f32__c0002__dt-f32/chunk_0,35
fields/00125__plt00324__density.f32__c0003__dt-f32/chunk_0,29
fields/00126__plt00324__tracer0.f32__c0000__dt-f32/chunk_0,2
fields/00126__plt00324__tracer0.f32__c0001__dt-f32/chunk_0,38
fields/00126__plt00324__tracer0.f32__c0002__dt-f32/chunk_0,30
fields/00126__plt00324__tracer0.f32__c0003__dt-f32/chunk_0,38
fields/00127__plt00324__tracer1.f32__c0000__dt-f32/chunk_0,29
fields/00127__plt00324__tracer1.f32__c0001__dt-f32/chunk_0,2
fields/00127__plt00324__tracer1.f32__c0002__dt-f32/chunk_0,35
fields/00127__plt00324__tracer1.f32__c0003__dt-f32/chunk_0,30
fields/00128__plt00324__tracer2.f32__c0000__dt-f32/chunk_0,30
fields/00128__plt00324__tracer2.f32__c0001__dt-f32/chunk_0,35
fields/00128__plt00324__tracer2.f32__c0002__dt-f32/chunk_0,30
fields/00128__plt00324__tracer2.f32__c0003__dt-f32/chunk_0,35
fields/00129__plt00324__velz.f32__c0000__dt-f32/chunk_0,35
fields/00129__plt00324__velz.f32__c0001__dt-f32/chunk_0,35
fields/00129__plt00324__velz.f32__c0002__dt-f32/chunk_0,29
fields/00129__plt00324__velz.f32__c0003__dt-f32/chunk_0,29
fields/00130__plt00366__density.f32__c0000__dt-f32/chunk_0,35
fields/00130__plt00366__density.f32__c0001__dt-f32/chunk_0,35
fields/00130__plt00366__density.f32__c0002__dt-f32/chunk_0,35
fields/00130__plt00366__density.f32__c0003__dt-f32/chunk_0,29
fields/00131__plt00366__tracer0.f32__c0000__dt-f32/chunk_0,30
fields/00131__plt00366__tracer0.f32__c0001__dt-f32/chunk_0,38
fields/00131__plt00366__tracer0.f32__c0002__dt-f32/chunk_0,2
fields/00131__plt00366__tracer0.f32__c0003__dt-f32/chunk_0,35
fields/00132__plt00366__tracer1.f32__c0000__dt-f32/chunk_0,38
fields/00132__plt00366__tracer1.f32__c0001__dt-f32/chunk_0,30
fields/00132__plt00366__tracer1.f32__c0002__dt-f32/chunk_0,35
fields/00132__plt00366__tracer1.f32__c0003__dt-f32/chunk_0,2
fields/00133__plt00366__tracer2.f32__c0000__dt-f32/chunk_0,30
fields/00133__plt00366__tracer2.f32__c0001__dt-f32/chunk_0,38
fields/00133__plt00366__tracer2.f32__c0002__dt-f32/chunk_0,2
fields/00133__plt00366__tracer2.f32__c0003__dt-f32/chunk_0,38
fields/00134__plt00366__velz.f32__c0000__dt-f32/chunk_0,35
fields/00134__plt00366__velz.f32__c0001__dt-f32/chunk_0,35
fields/00134__plt00366__velz.f32__c0002__dt-f32/chunk_0,35
fields/00134__plt00366__velz.f32__c0003__dt-f32/chunk_0,35
fields/00135__plt00437__density.f32__c0000__dt-f32/chunk_0,35
fields/00135__plt00437__density.f32__c0001__dt-f32/chunk_0,35
fields/00135__plt00437__density.f32__c0002__dt-f32/chunk_0,35
fields/00135__plt00437__density.f32__c0003__dt-f32/chunk_0,29
fields/00136__plt00437__tracer0.f32__c0000__dt-f32/chunk_0,2
fields/00136__plt00437__tracer0.f32__c0001__dt-f32/chunk_0,38
fields/00136__plt00437__tracer0.f32__c0002__dt-f32/chunk_0,2
fields/00136__plt00437__tracer0.f32__c0003__dt-f32/chunk_0,38
fields/00137__plt00437__tracer1.f32__c0000__dt-f32/chunk_0,29
fields/00137__plt00437__tracer1.f32__c0001__dt-f32/chunk_0,2
fields/00137__plt00437__tracer1.f32__c0002__dt-f32/chunk_0,29
fields/00137__plt00437__tracer1.f32__c0003__dt-f32/chunk_0,30
fields/00138__plt00437__tracer2.f32__c0000__dt-f32/chunk_0,2
fields/00138__plt00437__tracer2.f32__c0001__dt-f32/chunk_0,29
fields/00138__plt00437__tracer2.f32__c0002__dt-f32/chunk_0,30
fields/00138__plt00437__tracer2.f32__c0003__dt-f32/chunk_0,38
fields/00139__plt00437__velz.f32__c0000__dt-f32/chunk_0,35
fields/00139__plt00437__velz.f32__c0001__dt-f32/chunk_0,35
fields/00139__plt00437__velz.f32__c0002__dt-f32/chunk_0,29
fields/00139__plt00437__velz.f32__c0003__dt-f32/chunk_0,35
fields/00140__plt00497__density.f32__c0000__dt-f32/chunk_0,35
fields/00140__plt00497__density.f32__c0001__dt-f32/chunk_0,35
fields/00140__plt00497__density.f32__c0002__dt-f32/chunk_0,35
fields/00140__plt00497__density.f32__c0003__dt-f32/chunk_0,29
fields/00141__plt00497__tracer0.f32__c0000__dt-f32/chunk_0,2
fields/00141__plt00497__tracer0.f32__c0001__dt-f32/chunk_0,38
fields/00141__plt00497__tracer0.f32__c0002__dt-f32/chunk_0,2
fields/00141__plt00497__tracer0.f32__c0003__dt-f32/chunk_0,38
fields/00142__plt00497__tracer1.f32__c0000__dt-f32/chunk_0,35
fields/00142__plt00497__tracer1.f32__c0001__dt-f32/chunk_0,30
fields/00142__plt00497__tracer1.f32__c0002__dt-f32/chunk_0,35
fields/00142__plt00497__tracer1.f32__c0003__dt-f32/chunk_0,30
fields/00143__plt00497__tracer2.f32__c0000__dt-f32/chunk_0,2
fields/00143__plt00497__tracer2.f32__c0001__dt-f32/chunk_0,38
fields/00143__plt00497__tracer2.f32__c0002__dt-f32/chunk_0,2
fields/00143__plt00497__tracer2.f32__c0003__dt-f32/chunk_0,38
fields/00144__plt00497__velz.f32__c0000__dt-f32/chunk_0,29
fields/00144__plt00497__velz.f32__c0001__dt-f32/chunk_0,35
fields/00144__plt00497__velz.f32__c0002__dt-f32/chunk_0,35
fields/00144__plt00497__velz.f32__c0003__dt-f32/chunk_0,35
fields/00145__plt00549__density.f32__c0000__dt-f32/chunk_0,35
fields/00145__plt00549__density.f32__c0001__dt-f32/chunk_0,35
fields/00145__plt00549__density.f32__c0002__dt-f32/chunk_0,35
fields/00145__plt00549__density.f32__c0003__dt-f32/chunk_0,29
fields/00146__plt00549__tracer0.f32__c0000__dt-f32/chunk_0,2
fields/00146__plt00549__tracer0.f32__c0001__dt-f32/chunk_0,38
fields/00146__plt00549__tracer0.f32__c0002__dt-f32/chunk_0,2
fields/00146__plt00549__tracer0.f32__c0003__dt-f32/chunk_0,29
fields/00147__plt00549__tracer1.f32__c0000__dt-f32/chunk_0,35
fields/00147__plt00549__tracer1.f32__c0001__dt-f32/chunk_0,2
fields/00147__plt00549__tracer1.f32__c0002__dt-f32/chunk_0,38
fields/00147__plt00549__tracer1.f32__c0003__dt-f32/chunk_0,2
fields/00148__plt00549__tracer2.f32__c0000__dt-f32/chunk_0,30
fields/00148__plt00549__tracer2.f32__c0001__dt-f32/chunk_0,29
fields/00148__plt00549__tracer2.f32__c0002__dt-f32/chunk_0,30
fields/00148__plt00549__tracer2.f32__c0003__dt-f32/chunk_0,38
fields/00149__plt00549__velz.f32__c0000__dt-f32/chunk_0,29
fields/00149__plt00549__velz.f32__c0001__dt-f32/chunk_0,35
fields/00149__plt00549__velz.f32__c0002__dt-f32/chunk_0,35
fields/00149__plt00549__velz.f32__c0003__dt-f32/chunk_0,35
fields/00150__plt00601__density.f32__c0000__dt-f32/chunk_0,35
fields/00150__plt00601__density.f32__c0001__dt-f32/chunk_0,35
fields/00150__plt00601__density.f32__c0002__dt-f32/chunk_0,35
fields/00150__plt00601__density.f32__c0003__dt-f32/chunk_0,29
fields/00151__plt00601__tracer0.f32__c0000__dt-f32/chunk_0,30
fields/00151__plt00601__tracer0.f32__c0001__dt-f32/chunk_0,38
fields/00151__plt00601__tracer0.f32__c0002__dt-f32/chunk_0,30
fields/00151__plt00601__tracer0.f32__c0003__dt-f32/chunk_0,35
fields/00152__plt00601__tracer1.f32__c0000__dt-f32/chunk_0,35
fields/00152__plt00601__tracer1.f32__c0001__dt-f32/chunk_0,2
fields/00152__plt00601__tracer1.f32__c0002__dt-f32/chunk_0,29
fields/00152__plt00601__tracer1.f32__c0003__dt-f32/chunk_0,30
fields/00153__plt00601__tracer2.f32__c0000__dt-f32/chunk_0,30
fields/00153__plt00601__tracer2.f32__c0001__dt-f32/chunk_0,38
fields/00153__plt00601__tracer2.f32__c0002__dt-f32/chunk_0,2
fields/00153__plt00601__tracer2.f32__c0003__dt-f32/chunk_0,29
fields/00154__plt00601__velz.f32__c0000__dt-f32/chunk_0,35
fields/00154__plt00601__velz.f32__c0001__dt-f32/chunk_0,35
fields/00154__plt00601__velz.f32__c0002__dt-f32/chunk_0,35
fields/00154__plt00601__velz.f32__c0003__dt-f32/chunk_0,35
fields/00155__plt00659__density.f32__c0000__dt-f32/chunk_0,35
fields/00155__plt00659__density.f32__c0001__dt-f32/chunk_0,35
fields/00155__plt00659__density.f32__c0002__dt-f32/chunk_0,35
fields/00155__plt00659__density.f32__c0003__dt-f32/chunk_0,29
fields/00156__plt00659__tracer0.f32__c0000__dt-f32/chunk_0,30
fields/00156__plt00659__tracer0.f32__c0001__dt-f32/chunk_0,38
fields/00156__plt00659__tracer0.f32__c0002__dt-f32/chunk_0,30
fields/00156__plt00659__tracer0.f32__c0003__dt-f32/chunk_0,38
fields/00157__plt00659__tracer1.f32__c0000__dt-f32/chunk_0,35
fields/00157__plt00659__tracer1.f32__c0001__dt-f32/chunk_0,30
fields/00157__plt00659__tracer1.f32__c0002__dt-f32/chunk_0,35
fields/00157__plt00659__tracer1.f32__c0003__dt-f32/chunk_0,2
fields/00158__plt00659__tracer2.f32__c0000__dt-f32/chunk_0,2
fields/00158__plt00659__tracer2.f32__c0001__dt-f32/chunk_0,38
fields/00158__plt00659__tracer2.f32__c0002__dt-f32/chunk_0,30
fields/00158__plt00659__tracer2.f32__c0003__dt-f32/chunk_0,38
fields/00159__plt00659__velz.f32__c0000__dt-f32/chunk_0,35
fields/00159__plt00659__velz.f32__c0001__dt-f32/chunk_0,35
fields/00159__plt00659__velz.f32__c0002__dt-f32/chunk_0,29
fields/00159__plt00659__velz.f32__c0003__dt-f32/chunk_0,35
fields/00160__plt00705__density.f32__c0000__dt-f32/chunk_0,35
fields/00160__plt00705__density.f32__c0001__dt-f32/chunk_0,35
fields/00160__plt00705__density.f32__c0002__dt-f32/chunk_0,35
fields/00160__plt00705__density.f32__c0003__dt-f32/chunk_0,29
fields/00161__plt00705__tracer0.f32__c0000__dt-f32/chunk_0,30
fields/00161__plt00705__tracer0.f32__c0001__dt-f32/chunk_0,38
fields/00161__plt00705__tracer0.f32__c0002__dt-f32/chunk_0,30
fields/00161__plt00705__tracer0.f32__c0003__dt-f32/chunk_0,38
fields/00162__plt00705__tracer1.f32__c0000__dt-f32/chunk_0,35
fields/00162__plt00705__tracer1.f32__c0001__dt-f32/chunk_0,30
fields/00162__plt00705__tracer1.f32__c0002__dt-f32/chunk_0,35
fields/00162__plt00705__tracer1.f32__c0003__dt-f32/chunk_0,30
fields/00163__plt00705__tracer2.f32__c0000__dt-f32/chunk_0,2
fields/00163__plt00705__tracer2.f32__c0001__dt-f32/chunk_0,29
fields/00163__plt00705__tracer2.f32__c0002__dt-f32/chunk_0,30
fields/00163__plt00705__tracer2.f32__c0003__dt-f32/chunk_0,38
fields/00164__plt00705__velz.f32__c0000__dt-f32/chunk_0,35
fields/00164__plt00705__velz.f32__c0001__dt-f32/chunk_0,35
fields/00164__plt00705__velz.f32__c0002__dt-f32/chunk_0,35
fields/00164__plt00705__velz.f32__c0003__dt-f32/chunk_0,29
fields/00165__plt00744__density.f32__c0000__dt-f32/chunk_0,35
fields/00165__plt00744__density.f32__c0001__dt-f32/chunk_0,35
fields/00165__plt00744__density.f32__c0002__dt-f32/chunk_0,35
fields/00165__plt00744__density.f32__c0003__dt-f32/chunk_0,29
fields/00166__plt00744__tracer0.f32__c0000__dt-f32/chunk_0,2
fields/00166__plt00744__tracer0.f32__c0001__dt-f32/chunk_0,38
fields/00166__plt00744__tracer0.f32__c0002__dt-f32/chunk_0,2
fields/00166__plt00744__tracer0.f32__c0003__dt-f32/chunk_0,38
fields/00167__plt00744__tracer1.f32__c0000__dt-f32/chunk_0,35
fields/00167__plt00744__tracer1.f32__c0001__dt-f32/chunk_0,2
fields/00167__plt00744__tracer1.f32__c0002__dt-f32/chunk_0,35
fields/00167__plt00744__tracer1.f32__c0003__dt-f32/chunk_0,30
fields/00168__plt00744__tracer2.f32__c0000__dt-f32/chunk_0,30
fields/00168__plt00744__tracer2.f32__c0001__dt-f32/chunk_0,38
fields/00168__plt00744__tracer2.f32__c0002__dt-f32/chunk_0,2
fields/00168__plt00744__tracer2.f32__c0003__dt-f32/chunk_0,38
fields/00169__plt00744__velz.f32__c0000__dt-f32/chunk_0,29
fields/00169__plt00744__velz.f32__c0001__dt-f32/chunk_0,35
fields/00169__plt00744__velz.f32__c0002__dt-f32/chunk_0,35
fields/00169__plt00744__velz.f32__c0003__dt-f32/chunk_0,29
fields/00170__plt00785__density.f32__c0000__dt-f32/chunk_0,35
fields/00170__plt00785__density.f32__c0001__dt-f32/chunk_0,35
fields/00170__plt00785__density.f32__c0002__dt-f32/chunk_0,35
fields/00170__plt00785__density.f32__c0003__dt-f32/chunk_0,29
fields/00171__plt00785__tracer0.f32__c0000__dt-f32/chunk_0,2
fields/00171__plt00785__tracer0.f32__c0001__dt-f32/chunk_0,38
fields/00171__plt00785__tracer0.f32__c0002__dt-f32/chunk_0,30
fields/00171__plt00785__tracer0.f32__c0003__dt-f32/chunk_0,29
fields/00172__plt00785__tracer1.f32__c0000__dt-f32/chunk_0,29
fields/00172__plt00785__tracer1.f32__c0001__dt-f32/chunk_0,30
fields/00172__plt00785__tracer1.f32__c0002__dt-f32/chunk_0,35
fields/00172__plt00785__tracer1.f32__c0003__dt-f32/chunk_0,30
fields/00173__plt00785__tracer2.f32__c0000__dt-f32/chunk_0,30
fields/00173__plt00785__tracer2.f32__c0001__dt-f32/chunk_0,38
fields/00173__plt00785__tracer2.f32__c0002__dt-f32/chunk_0,30
fields/00173__plt00785__tracer2.f32__c0003__dt-f32/chunk_0,38
fields/00174__plt00785__velz.f32__c0000__dt-f32/chunk_0,29
fields/00174__plt00785__velz.f32__c0001__dt-f32/chunk_0,29
fields/00174__plt00785__velz.f32__c0002__dt-f32/chunk_0,35
fields/00174__plt00785__velz.f32__c0003__dt-f32/chunk_0,35
fields/00175__plt00827__density.f32__c0000__dt-f32/chunk_0,35
fields/00175__plt00827__density.f32__c0001__dt-f32/chunk_0,35
fields/00175__plt00827__density.f32__c0002__dt-f32/chunk_0,35
fields/00175__plt00827__density.f32__c0003__dt-f32/chunk_0,29
fields/00176__plt00827__tracer0.f32__c0000__dt-f32/chunk_0,30
fields/00176__plt00827__tracer0.f32__c0001__dt-f32/chunk_0,38
fields/00176__plt00827__tracer0.f32__c0002__dt-f32/chunk_0,2
fields/00176__plt00827__tracer0.f32__c0003__dt-f32/chunk_0,29
fields/00177__plt00827__tracer1.f32__c0000__dt-f32/chunk_0,35
fields/00177__plt00827__tracer1.f32__c0001__dt-f32/chunk_0,2
fields/00177__plt00827__tracer1.f32__c0002__dt-f32/chunk_0,29
fields/00177__plt00827__tracer1.f32__c0003__dt-f32/chunk_0,2
fields/00178__plt00827__tracer2.f32__c0000__dt-f32/chunk_0,30
fields/00178__plt00827__tracer2.f32__c0001__dt-f32/chunk_0,38
fields/00178__plt00827__tracer2.f32__c0002__dt-f32/chunk_0,30
fields/00178__plt00827__tracer2.f32__c0003__dt-f32/chunk_0,38
fields/00179__plt00827__velz.f32__c0000__dt-f32/chunk_0,35
fields/00179__plt00827__velz.f32__c0001__dt-f32/chunk_0,35
fields/00179__plt00827__velz.f32__c0002__dt-f32/chunk_0,29
fields/00179__plt00827__velz.f32__c0003__dt-f32/chunk_0,29
fields/00180__plt00870__density.f32__c0000__dt-f32/chunk_0,35
fields/00180__plt00870__density.f32__c0001__dt-f32/chunk_0,35
fields/00180__plt00870__density.f32__c0002__dt-f32/chunk_0,35
fields/00180__plt00870__density.f32__c0003__dt-f32/chunk_0,29
fields/00181__plt00870__tracer0.f32__c0000__dt-f32/chunk_0,2
fields/00181__plt00870__tracer0.f32__c0001__dt-f32/chunk_0,38
fields/00181__plt00870__tracer0.f32__c0002__dt-f32/chunk_0,30
fields/00181__plt00870__tracer0.f32__c0003__dt-f32/chunk_0,35
fields/00182__plt00870__tracer1.f32__c0000__dt-f32/chunk_0,35
fields/00182__plt00870__tracer1.f32__c0001__dt-f32/chunk_0,30
fields/00182__plt00870__tracer1.f32__c0002__dt-f32/chunk_0,35
fields/00182__plt00870__tracer1.f32__c0003__dt-f32/chunk_0,2
fields/00183__plt00870__tracer2.f32__c0000__dt-f32/chunk_0,30
fields/00183__plt00870__tracer2.f32__c0001__dt-f32/chunk_0,35
fields/00183__plt00870__tracer2.f32__c0002__dt-f32/chunk_0,2
fields/00183__plt00870__tracer2.f32__c0003__dt-f32/chunk_0,38
fields/00184__plt00870__velz.f32__c0000__dt-f32/chunk_0,29
fields/00184__plt00870__velz.f32__c0001__dt-f32/chunk_0,35
fields/00184__plt00870__velz.f32__c0002__dt-f32/chunk_0,35
fields/00184__plt00870__velz.f32__c0003__dt-f32/chunk_0,35
fields/00185__plt00915__density.f32__c0000__dt-f32/chunk_0,35
fields/00185__plt00915__density.f32__c0001__dt-f32/chunk_0,35
fields/00185__plt00915__density.f32__c0002__dt-f32/chunk_0,35
fields/00185__plt00915__density.f32__c0003__dt-f32/chunk_0,35
fields/00186__plt00915__tracer0.f32__c0000__dt-f32/chunk_0,30
fields/00186__plt00915__tracer0.f32__c0001__dt-f32/chunk_0,29
fields/00186__plt00915__tracer0.f32__c0002__dt-f32/chunk_0,2
fields/00186__plt00915__tracer0.f32__c0003__dt-f32/chunk_0,38
fields/00187__plt00915__tracer1.f32__c0000__dt-f32/chunk_0,35
fields/00187__plt00915__tracer1.f32__c0001__dt-f32/chunk_0,30
fields/00187__plt00915__tracer1.f32__c0002__dt-f32/chunk_0,35
fields/00187__plt00915__tracer1.f32__c0003__dt-f32/chunk_0,30
fields/00188__plt00915__tracer2.f32__c0000__dt-f32/chunk_0,2
fields/00188__plt00915__tracer2.f32__c0001__dt-f32/chunk_0,29
fields/00188__plt00915__tracer2.f32__c0002__dt-f32/chunk_0,30
fields/00188__plt00915__tracer2.f32__c0003__dt-f32/chunk_0,38
fields/00189__plt00915__velz.f32__c0000__dt-f32/chunk_0,29
fields/00189__plt00915__velz.f32__c0001__dt-f32/chunk_0,35
fields/00189__plt00915__velz.f32__c0002__dt-f32/chunk_0,29
fields/00189__plt00915__velz.f32__c0003__dt-f32/chunk_0,29
fields/00190__plt00962__density.f32__c0000__dt-f32/chunk_0,35
fields/00190__plt00962__density.f32__c0001__dt-f32/chunk_0,35
fields/00190__plt00962__density.f32__c0002__dt-f32/chunk_0,35
fields/00190__plt00962__density.f32__c0003__dt-f32/chunk_0,35
fields/00191__plt00962__tracer0.f32__c0000__dt-f32/chunk_0,2
fields/00191__plt00962__tracer0.f32__c0001__dt-f32/chunk_0,38
fields/00191__plt00962__tracer0.f32__c0002__dt-f32/chunk_0,2
fields/00191__plt00962__tracer0.f32__c0003__dt-f32/chunk_0,38
fields/00192__plt00962__tracer1.f32__c0000__dt-f32/chunk_0,35
fields/00192__plt00962__tracer1.f32__c0001__dt-f32/chunk_0,2
fields/00192__plt00962__tracer1.f32__c0002__dt-f32/chunk_0,29
fields/00192__plt00962__tracer1.f32__c0003__dt-f32/chunk_0,30
fields/00193__plt00962__tracer2.f32__c0000__dt-f32/chunk_0,30
fields/00193__plt00962__tracer2.f32__c0001__dt-f32/chunk_0,29
fields/00193__plt00962__tracer2.f32__c0002__dt-f32/chunk_0,2
fields/00193__plt00962__tracer2.f32__c0003__dt-f32/chunk_0,38
fields/00194__plt00962__velz.f32__c0000__dt-f32/chunk_0,29
fields/00194__plt00962__velz.f32__c0001__dt-f32/chunk_0,29
fields/00194__plt00962__velz.f32__c0002__dt-f32/chunk_0,29
fields/00194__plt00962__velz.f32__c0003__dt-f32/chunk_0,29
fields/00195__plt01008__density.f32__c0000__dt-f32/chunk_0,35
fields/00195__plt01008__density.f32__c0001__dt-f32/chunk_0,35
fields/00195__plt01008__density.f32__c0002__dt-f32/chunk_0,35
fields/00195__plt01008__density.f32__c0003__dt-f32/chunk_0,35
fields/00196__plt01008__tracer0.f32__c0000__dt-f32/chunk_0,2
fields/00196__plt01008__tracer0.f32__c0001__dt-f32/chunk_0,38
fields/00196__plt01008__tracer0.f32__c0002__dt-f32/chunk_0,30
fields/00196__plt01008__tracer0.f32__c0003__dt-f32/chunk_0,38
fields/00197__plt01008__tracer1.f32__c0000__dt-f32/chunk_0,35
fields/00197__plt01008__tracer1.f32__c0001__dt-f32/chunk_0,30
fields/00197__plt01008__tracer1.f32__c0002__dt-f32/chunk_0,29
fields/00197__plt01008__tracer1.f32__c0003__dt-f32/chunk_0,30
fields/00198__plt01008__tracer2.f32__c0000__dt-f32/chunk_0,30
fields/00198__plt01008__tracer2.f32__c0001__dt-f32/chunk_0,29
fields/00198__plt01008__tracer2.f32__c0002__dt-f32/chunk_0,30
fields/00198__plt01008__tracer2.f32__c0003__dt-f32/chunk_0,38
fields/00199__plt01008__velz.f32__c0000__dt-f32/chunk_0,29
fields/00199__plt01008__velz.f32__c0001__dt-f32/chunk_0,29
fields/00199__plt01008__velz.f32__c0002__dt-f32/chunk_0,29
fields/00199__plt01008__velz.f32__c0003__dt-f32/chunk_0,35
fields/00200__plt01054__density.f32__c0000__dt-f32/chunk_0,35
fields/00200__plt01054__density.f32__c0001__dt-f32/chunk_0,35
fields/00200__plt01054__density.f32__c0002__dt-f32/chunk_0,35
fields/00200__plt01054__density.f32__c0003__dt-f32/chunk_0,35
fields/00201__plt01054__tracer0.f32__c0000__dt-f32/chunk_0,30
fields/00201__plt01054__tracer0.f32__c0001__dt-f32/chunk_0,38
fields/00201__plt01054__tracer0.f32__c0002__dt-f32/chunk_0,30
fields/00201__plt01054__tracer0.f32__c0003__dt-f32/chunk_0,38
fields/00202__plt01054__tracer1.f32__c0000__dt-f32/chunk_0,35
fields/00202__plt01054__tracer1.f32__c0001__dt-f32/chunk_0,39
fields/00202__plt01054__tracer1.f32__c0002__dt-f32/chunk_0,29
fields/00202__plt01054__tracer1.f32__c0003__dt-f32/chunk_0,30
fields/00203__plt01054__tracer2.f32__c0000__dt-f32/chunk_0,30
fields/00203__plt01054__tracer2.f32__c0001__dt-f32/chunk_0,29
fields/00203__plt01054__tracer2.f32__c0002__dt-f32/chunk_0,30
fields/00203__plt01054__tracer2.f32__c0003__dt-f32/chunk_0,38
fields/00204__plt01054__velz.f32__c0000__dt-f32/chunk_0,29
fields/00204__plt01054__velz.f32__c0001__dt-f32/chunk_0,29
fields/00204__plt01054__velz.f32__c0002__dt-f32/chunk_0,35
fields/00204__plt01054__velz.f32__c0003__dt-f32/chunk_0,35
