mode,config,write_s,read_s,app_s,span_s,wall_s,prewarm_per_setting,codec_builds_in_timed,ratio,chunks,start_spread_ms,process_write_s,process_read_s,digest_ok,timed_ok,app_s_vs_best_single_pct,write_s_vs_best_single_pct,read_s_vs_best_single_pct,ratio_vs_best_single_pct
fixed,"1 process, 1 chunk in flight",18.251296218,156.945844999,175.197141217,217.128012653,304.845,2,0,1.8770137235328201,6432,0.0,18.213,156.946,True,True,0.0,0.0,0.0,0.0
learn,"1 process, 1 chunk in flight",15.875239676,128.46801699899999,144.343256675,186.545650664,275.853,2,0,2.1904781617297346,6432,0.0,15.836,128.468,True,True,-17.610952055310214,-13.018563249533255,-18.1450028194002,16.700167626208273
oracle,"1 process, 1 chunk in flight",11.945804792,130.812682999,142.758487791,185.248248533,275.586,2,0,2.7051092181630616,6432,0.0,11.907,130.813,True,True,-18.51551526507007,-34.54818414366277,-16.651069673215314,44.11771124782413
fixed,"2 processes, 8 chunks in flight each",6.615904384,51.759062932000006,58.374967316,80.099736501,132.315,4,0,1.8770137235328201,6432,22.389646,6.574 6.368,51.559 50.446,True,True,0.0,0.0,0.0,0.0
learn,"2 processes, 8 chunks in flight each",6.357728193,46.232525596,52.590253789,74.916482429,121.721,4,0,2.1683754548722933,6432,9.215992,6.209 6.328,46.232 42.996,True,True,-9.909579042135874,-3.9023567454266384,-10.677429271199623,15.522621261984536
oracle,"2 processes, 8 chunks in flight each",4.989667539,45.474323029,50.463990568,72.892297618,120.005,4,2,2.7051092181630616,6432,26.502709,4.928 4.942,44.924 45.427,True,True,-13.552002016850262,-24.580718683494208,-12.14229846327931,44.11771124782413
fixed,"4 processes, 8 chunks in flight each",3.776033364,37.491375207,41.267408571,50.808192843,83.679,2,10,1.8770137235328201,6432,251.195418,3.377 3.473 3.594 3.586,37.007 37.249 37.067 37.003,True,True,0.0,0.0,0.0,0.0
learn,"4 processes, 8 chunks in flight each",4.407642559,42.295665748999994,46.703308308,55.873927531,86.839,2,47,2.079925082590758,6432,262.134167,3.789 4.014 3.823 4.135,41.531 41.932 41.709 40.448,True,True,13.172379670139955,16.72679063224507,12.814388683995226,10.810329008997787
oracle,"4 processes, 8 chunks in flight each",3.283124695,44.314500158,47.597624853,57.1030541,88.455,2,26,2.7051092181630616,6432,113.101467,2.937 3.272 3.232 3.109,44.177 44.140 43.231 43.299,True,True,15.339505195992498,-13.053610005125993,18.199185581557597,44.11771124782413
