workload,cost_model,cost_bw_GBs,scenario,measured_runs,np_time_saved_pct,np_ratio_gain_pct,cost_oracle_time_saved_pct,cost_oracle_ratio_gain_pct,time_oracle_time_saved_pct,time_oracle_ratio_gain_pct,hcompress_time_saved_pct,hcompress_ratio_gain_pct,xgboost_time_saved_pct,xgboost_ratio_gain_pct
Nyx,1/40/5,1.0,"measured, 1 tier",1,19.946533088419727,34.874577741132605,19.79930351174249,31.11223306896076,27.69111962432076,53.96338678727035,-4.774414180959719,-6.064145819837085,7.704337944784734,34.32171140263476
Nyx,1/40/5,1.0,single tier,0,18.721366703195454,26.303087084389688,23.85115089028682,32.761092685247625,27.436512763069267,43.81072562789985,-10.9200948731639,-9.343535877503129,12.601753177146735,29.570901709856813
Nyx,1/40/5,1.0,tiered,0,17.781650395312944,20.828257477764577,22.603162285516497,24.13924007662618,26.983381468522825,42.41090009314357,-12.809482180165311,-10.940423533964127,9.934102905665299,25.09628357226159
Nyx,1/40/5,1.0,tiered + async,0,19.74931228357577,20.828257477764577,23.268789361571272,24.13924007662618,30.28717600267542,42.41090009314357,-12.420120319441885,-10.940423533964127,19.050769406698397,25.09628357226159
VPIC,1/40/5,0.5,"measured, 1 tier",1,21.72944212965725,27.61483437562269,22.39201590657487,31.30960955938058,28.89125587723105,38.57221028591018,0.5325274265767899,4.0237542285315175,18.74663393033613,34.28394704136333
VPIC,1/40/5,0.5,single tier,0,19.737992161594764,27.615117000836364,22.921372299626498,31.309998142862327,26.044535442031037,38.642904930167774,2.811306031974792,4.039020553106787,14.905788308480828,34.284360021126695
VPIC,1/40/5,0.5,tiered,0,18.64807092577966,22.953102550453597,22.336520004506777,26.54048836999321,25.760547970176294,36.836768696721364,1.0915606862605842,-5.651789501742821,12.48855710990191,28.575062801598673
VPIC,1/40/5,0.5,tiered + async,0,20.410616292217266,22.953102550453597,23.13364523961583,26.54048836999321,27.66817270153875,36.836768696721364,2.123453123367247,-5.651789501742821,21.70937384484456,28.575062801598673
WarpX,1/20/1,0.5,"measured, 1 tier",1,5.931246858094985,12.656532848970636,19.748901712100498,26.55562097100359,27.085916743422437,52.90797918079371,-14.440871791323096,-22.27708143353656,-11.11115033593537,9.368572561828437
WarpX,1/20/1,0.5,single tier,0,12.68239075484182,16.57063377106023,20.59613232741617,26.555907181827564,32.941989666401874,54.519007204682794,-28.83932284164199,-22.421579663820555,-2.5111096036661396,9.368770447185426
WarpX,1/20/1,0.5,tiered,0,5.753980306286632,0.22055565929548493,17.972528757269234,10.329183278070797,32.67446723005561,53.53724526290644,-28.471748391434602,-25.420794747701535,-6.5983052224658945,0.7998909014808486
WarpX,1/20/1,0.5,tiered + async,0,7.244100635684925,0.22055565929548493,18.11843869532804,10.329183278070797,35.28241803314322,53.53724526290644,-28.67033508264416,-25.420794747701535,4.210265658708623,0.7998909014808486
incflo,1/40/5,1.0,"measured, 1 tier",1,22.1897259854796,45.40494598925302,20.853673225873635,38.0345087516282,29.60509921513611,151.0786595027482,-2.651829983930232,2.3976893646829867,4.866628948375573,38.48450660771987
incflo,1/40/5,1.0,single tier,0,24.729670637838662,36.46639362940456,27.639632879513563,39.11750480262184,44.5632710640074,148.66135588731066,-7.421651024239528,-6.7789848824927335,13.682956678996682,31.786941746997876
incflo,1/40/5,1.0,tiered,0,24.01682371428009,32.18228997015677,26.65941456656048,30.824734232946692,42.90128671005898,126.40352265780881,-9.507072779450665,-9.231690989967811,11.188792795757085,29.25906776772682
incflo,1/40/5,1.0,tiered + async,0,25.850416574784706,32.18228997015677,26.908147050883525,30.824734232946692,58.59014387759585,126.40352265780881,-9.661765160844805,-9.231690989967811,19.347761302546694,29.25906776772682
