workload,iteration,option,run,model,cost_bw_GBs,app_s,write_s,read_s,ratio,digest_ok,timed_ok,kmeans_done,kmeans_failed,read_io_s_per_GB,time_vs_static_pct,ratio_vs_static_pct
Nyx,1,best static,nyx-multiphase-50g-p0_fixed_km10b1gdc1p1i1w1-40-5,1/40/5,1.0,494.445995451,42.563395452,451.882599999,1.6132172800597622,True,True,10,0,0.8428228388371394,0.0,0.0
Nyx,1,NeuroPress,nyx-multiphase-50g-p0_learn_km10b1gdc1p1i1w1-40-5,1/40/5,1.0,395.821161364,32.990761365,362.83039999899995,2.175819994527589,True,True,10,0,0.8179659188459639,-19.946533088419727,34.874577741132605
Nyx,1,cost oracle,nyx-multiphase-50g-p0_oracle_km10b1gdc1p1i1w1-40-5,1/40/5,1.0,396.54913211,31.792032112,364.757099998,2.115125200140705,True,True,10,0,0.8069435311223517,-19.799303511742494,31.11223306896076
Nyx,1,time oracle,nyx-multiphase-50g-p0_oracle_km10b1gdc1p1i1timeoracle,1/40/5,1.0,357.528363373,30.172663374,327.35569999899997,2.483763960617494,True,True,10,0,0.7686485218147013,-27.69111962432076,53.96338678727035
VPIC,1,best static,vpic-slabs-p0_fixed_km10b0.5gdc2p1i1w1-40-5,1/40/5,0.5,268.573758575,19.681158576,248.892599999,1.6517426369270527,True,True,10,0,0.9241121935077463,0.0,0.0
VPIC,1,NeuroPress,vpic-slabs-p0_learn_km10b0.5gdc2p1i1w1-40-5,1/40/5,0.5,210.21417913,18.346879132,191.867299998,2.107868630426001,True,True,10,0,0.8518618740670586,-21.72944212965725,27.61483437562269
VPIC,1,cost oracle,vpic-slabs-p0_oracle_km10b0.5gdc2p1i1w1-40-5,1/40/5,0.5,208.434679834,15.657579838,192.777099996,2.16889680747473,True,True,10,0,0.8564414636380228,-22.39201590657487,31.30960955938058
VPIC,1,time oracle,vpic-slabs-p0_oracle_km10b0.5gdc2p1i1timeoracle,1/40/5,0.5,190.979426766,15.069026767,175.910399999,2.2888562802245933,True,True,10,0,0.8107160684400868,-28.891255877231046,38.57221028591018
WarpX,1,best static,ref-warpx-tune-final25g-p0_fixed_km10b0.5gdc1p1i1w1-20-1,1/20/1,0.5,201.857146793,16.883646793,184.9735,1.8770137235328201,True,True,10,0,0.7058265748736872,0.0,0.0
WarpX,1,NeuroPress,ref-warpx-tune-final25g-p0_learn_km10b0.5gdc1p1i1w1-20-1,1/20/1,0.5,189.884501116,17.098501118,172.785999998,2.1145785820314384,True,True,10,0,0.7084590455348051,-5.931246858094985,12.656532848970636
WarpX,1,cost oracle,ref-warpx-tune-final25g-p0_oracle_km10b0.5gdc1p1i1w1-20-1,1/20/1,0.5,161.992577274,13.728077275,148.264499999,2.375466373527917,True,True,10,0,0.699670293579928,-19.748901712100498,26.55562097100359
WarpX,1,time oracle,ref-warpx-tune-final25g-p0_oracle_km10b0.5gdc1p1i1timeoracle,1/20/1,0.5,147.182288072,13.137988076,134.044299996,2.870103753600205,True,True,10,0,0.701318129428986,-27.085916743422434,52.90797918079371
incflo,1,best static,ref-incflo-tune-final25g-p0_fixed_km10b1gdc1p1i1w1-40-5,1/40/5,1.0,213.804619201,17.143319204,196.66129999700001,1.6809017883087898,True,True,10,0,0.7137093600263864,0.0,0.0
incflo,1,NeuroPress,ref-incflo-tune-final25g-p0_learn_km10b1gdc1p1i1w1-40-5,1/40/5,1.0,166.361960056,12.761660056,153.60029999999998,2.444114337422784,True,True,10,0,0.7501313378812913,-22.1897259854796,45.40494598925302
incflo,1,cost oracle,ref-incflo-tune-final25g-p0_oracle_km10b1gdc1p1i1w1-40-5,1/40/5,1.0,169.218502571,11.847902571,157.3706,2.3202245260893712,True,True,10,0,0.7325783856928034,-20.853673225873635,38.034508751628195
incflo,1,time oracle,ref-incflo-tune-final25g-p0_oracle_km10b1gdc2p1i1timeoracle,1/40/5,1.0,150.50754956,20.090149561,130.417399999,4.220385677643431,True,True,10,0,0.7731939327889996,-29.60509921513611,151.0786595027482
