file,bytes,algorithm,settings,comp_bytes,comp_ms,comp_wall_ms,decomp_ms,decomp_wall_ms,reps,ok,note
SDRBENCH-CESM-ATM-26x1800x3600/CLDICE_1_26_1800_3600.f32#0,4194304,gdeflate,chunk=65536 level=4 shuffle=byte,115096,162.033188,162.062992,1.356032,1.374055,1,1,
SDRBENCH-CESM-ATM-26x1800x3600/CLDLIQ_1_26_1800_3600.f32#10,4194304,gdeflate,chunk=65536 level=4 shuffle=byte,2210428,110.877731,110.967897,2.470112,2.488893,1,1,
SDRBENCH-CESM-ATM-26x1800x3600/CLOUD_1_26_1800_3600.f32#20,4194304,gdeflate,chunk=65536 level=4 shuffle=byte,83524,143.341217,143.370592,0.773600,0.798786,1,1,
SDRBENCH-CESM-ATM-26x1800x3600/CMFDQR_1_26_1800_3600.f32#31,4194304,gdeflate,chunk=65536 level=4 shuffle=byte,83524,142.518555,142.548232,0.764384,0.782837,1,1,
SDRBENCH-CESM-ATM-26x1800x3600/CMFDQ_1_26_1800_3600.f32#41,4194304,gdeflate,chunk=65536 level=4 shuffle=byte,1678044,113.188316,113.216559,2.472128,2.490156,1,1,
SDRBENCH-CESM-ATM-26x1800x3600/CMFDT_1_26_1800_3600.f32#51,4194304,gdeflate,chunk=65536 level=4 shuffle=byte,1373432,118.041443,118.070212,2.398560,2.416998,1,1,
SDRBENCH-CESM-ATM-26x1800x3600/CONCLD_1_26_1800_3600.f32#62,4194304,gdeflate,chunk=65536 level=4 shuffle=byte,95748,143.746887,143.775110,1.261600,1.279637,1,1,
SDRBENCH-CESM-ATM-26x1800x3600/DCQ_1_26_1800_3600.f32#72,4194304,gdeflate,chunk=65536 level=4 shuffle=byte,3288328,91.885025,91.913367,2.645248,2.662949,1,1,
SDRBENCH-CESM-ATM-26x1800x3600/DTCOND_1_26_1800_3600.f32#82,4194304,gdeflate,chunk=65536 level=4 shuffle=byte,3188168,98.155746,98.186180,2.890688,2.909601,1,1,
SDRBENCH-CESM-ATM-26x1800x3600/DTV_1_26_1800_3600.f32#93,4194304,gdeflate,chunk=65536 level=4 shuffle=byte,2863236,100.046303,100.076762,2.878528,2.896807,1,1,
SDRBENCH-CESM-ATM-26x1800x3600/FICE_1_26_1800_3600.f32#103,4194304,gdeflate,chunk=65536 level=4 shuffle=byte,1780948,114.023262,114.052595,2.553440,2.571247,1,1,
SDRBENCH-CESM-ATM-26x1800x3600/GCLDLWP_1_26_1800_3600.f32#113,4194304,gdeflate,chunk=65536 level=4 shuffle=byte,3209792,98.342720,98.373761,2.923200,2.941551,1,1,
SDRBENCH-CESM-ATM-26x1800x3600/ICIMR_1_26_1800_3600.f32#124,4194304,gdeflate,chunk=65536 level=4 shuffle=byte,3111032,99.433281,99.464916,3.005632,3.023464,1,1,
SDRBENCH-CESM-ATM-26x1800x3600/ICLDIWP_1_26_1800_3600.f32#134,4194304,gdeflate,chunk=65536 level=4 shuffle=byte,3250596,94.907677,94.936942,2.832000,2.849909,1,1,
SDRBENCH-CESM-ATM-26x1800x3600/ICLDTWP_1_26_1800_3600.f32#144,4194304,gdeflate,chunk=65536 level=4 shuffle=byte,3157832,100.278145,100.308025,2.840224,2.858886,1,1,
SDRBENCH-CESM-ATM-26x1800x3600/ICWMR_1_26_1800_3600.f32#155,4194304,gdeflate,chunk=65536 level=4 shuffle=byte,3069072,101.638176,101.668093,3.047968,3.066074,1,1,
SDRBENCH-CESM-ATM-26x1800x3600/OMEGA_1_26_1800_3600.f32#4,4194304,gdeflate,chunk=65536 level=4 shuffle=byte,3277864,89.927582,89.957413,2.629920,2.648091,1,1,
SDRBENCH-CESM-ATM-26x1800x3600/QC_1_26_1800_3600.f32#15,4194304,gdeflate,chunk=65536 level=4 shuffle=byte,83524,143.081314,143.115014,0.765088,0.781705,1,1,
SDRBENCH-CESM-ATM-26x1800x3600/QRL_1_26_1800_3600.f32#25,4194304,gdeflate,chunk=65536 level=4 shuffle=byte,1982692,112.129501,112.158447,2.983904,3.002054,1,1,
SDRBENCH-CESM-ATM-26x1800x3600/QRS_1_26_1800_3600.f32#35,4194304,gdeflate,chunk=65536 level=4 shuffle=byte,2308412,105.062813,105.092118,2.459392,2.477592,1,1,
SDRBENCH-CESM-ATM-26x1800x3600/Q_1_26_1800_3600.f32#46,4194304,gdeflate,chunk=65536 level=4 shuffle=byte,2394356,108.494370,108.522946,2.362528,2.381011,1,1,
SDRBENCH-CESM-ATM-26x1800x3600/RELHUM_1_26_1800_3600.f32#56,4194304,gdeflate,chunk=65536 level=4 shuffle=byte,2245876,106.218559,106.247372,2.776576,2.794716,1,1,
SDRBENCH-CESM-ATM-26x1800x3600/T_1_26_1800_3600.f32#66,4194304,gdeflate,chunk=65536 level=4 shuffle=byte,1777348,113.993187,114.022680,2.677472,2.695580,1,1,
SDRBENCH-CESM-ATM-26x1800x3600/UU_1_26_1800_3600.f32#77,4194304,gdeflate,chunk=65536 level=4 shuffle=byte,2592076,105.151520,105.180514,2.477120,2.496086,1,1,
SDRBENCH-CESM-ATM-26x1800x3600/U_1_26_1800_3600.f32#87,4194304,gdeflate,chunk=65536 level=4 shuffle=byte,2347960,106.025475,106.056335,2.724544,2.742919,1,1,
SDRBENCH-CESM-ATM-26x1800x3600/VD01_1_26_1800_3600.f32#97,4194304,gdeflate,chunk=65536 level=4 shuffle=byte,3193064,95.957504,95.986619,2.925056,2.943374,1,1,
SDRBENCH-CESM-ATM-26x1800x3600/VQ_1_26_1800_3600.f32#108,4194304,gdeflate,chunk=65536 level=4 shuffle=byte,3030396,98.479874,98.509065,2.883552,2.902217,1,1,
SDRBENCH-CESM-ATM-26x1800x3600/VT_1_26_1800_3600.f32#118,4194304,gdeflate,chunk=65536 level=4 shuffle=byte,2720516,101.428612,101.457148,2.512832,2.529579,1,1,
SDRBENCH-CESM-ATM-26x1800x3600/VU_1_26_1800_3600.f32#128,4194304,gdeflate,chunk=65536 level=4 shuffle=byte,2847796,100.228035,100.257791,2.658016,2.676795,1,1,
SDRBENCH-CESM-ATM-26x1800x3600/VV_1_26_1800_3600.f32#139,4194304,gdeflate,chunk=65536 level=4 shuffle=byte,2846672,102.320610,102.350452,2.846048,2.864076,1,1,
SDRBENCH-CESM-ATM-26x1800x3600/V_1_26_1800_3600.f32#149,4194304,gdeflate,chunk=65536 level=4 shuffle=byte,2723832,100.893791,100.922767,2.683808,2.701591,1,1,
SDRBENCH-CESM-ATM-26x1800x3600/Z3_1_26_1800_3600.f32#160,2831360,gdeflate,chunk=65536 level=4 shuffle=byte,1401220,102.395103,102.424871,2.676672,2.694588,1,1,
SDRBENCH-CESM-ATM-26x1800x3600/CLDICE_1_26_1800_3600.f32#0,4194304,gdeflate,chunk=65536 level=5 shuffle=byte,82520,388.435638,388.530856,0.786976,0.805229,1,1,
SDRBENCH-CESM-ATM-26x1800x3600/CLDLIQ_1_26_1800_3600.f32#10,4194304,gdeflate,chunk=65536 level=5 shuffle=byte,2184340,327.110748,327.145401,2.450464,2.469296,1,1,
SDRBENCH-CESM-ATM-26x1800x3600/CLOUD_1_26_1800_3600.f32#20,4194304,gdeflate,chunk=65536 level=5 shuffle=byte,50756,384.302246,384.332009,0.533760,0.552245,1,1,
SDRBENCH-CESM-ATM-26x1800x3600/CMFDQR_1_26_1800_3600.f32#31,4194304,gdeflate,chunk=65536 level=5 shuffle=byte,50756,384.328888,384.359000,0.533856,0.552145,1,1,
SDRBENCH-CESM-ATM-26x1800x3600/CMFDQ_1_26_1800_3600.f32#41,4194304,gdeflate,chunk=65536 level=5 shuffle=byte,1632840,294.579926,294.609666,2.407776,2.426316,1,1,
SDRBENCH-CESM-ATM-26x1800x3600/CMFDT_1_26_1800_3600.f32#51,4194304,gdeflate,chunk=65536 level=5 shuffle=byte,1327092,285.522583,285.553179,2.255296,2.273389,1,1,
SDRBENCH-CESM-ATM-26x1800x3600/CONCLD_1_26_1800_3600.f32#62,4194304,gdeflate,chunk=65536 level=5 shuffle=byte,63008,387.731873,387.762256,0.645984,0.664485,1,1,
SDRBENCH-CESM-ATM-26x1800x3600/DCQ_1_26_1800_3600.f32#72,4194304,gdeflate,chunk=65536 level=5 shuffle=byte,3282308,140.310242,140.339163,2.652384,2.669531,1,1,
SDRBENCH-CESM-ATM-26x1800x3600/DTCOND_1_26_1800_3600.f32#82,4194304,gdeflate,chunk=65536 level=5 shuffle=byte,3179576,235.639847,235.727792,2.917120,2.935910,1,1,
SDRBENCH-CESM-ATM-26x1800x3600/DTV_1_26_1800_3600.f32#93,4194304,gdeflate,chunk=65536 level=5 shuffle=byte,2856432,357.128540,357.167166,2.868128,2.887540,1,1,
SDRBENCH-CESM-ATM-26x1800x3600/FICE_1_26_1800_3600.f32#103,4194304,gdeflate,chunk=65536 level=5 shuffle=byte,1755484,392.095642,392.126622,2.442080,2.463355,1,1,
SDRBENCH-CESM-ATM-26x1800x3600/GCLDLWP_1_26_1800_3600.f32#113,4194304,gdeflate,chunk=65536 level=5 shuffle=byte,3200136,232.641403,232.671305,2.934432,2.953022,1,1,
SDRBENCH-CESM-ATM-26x1800x3600/ICIMR_1_26_1800_3600.f32#124,4194304,gdeflate,chunk=65536 level=5 shuffle=byte,3104216,283.764221,283.794254,3.006304,3.024617,1,1,
SDRBENCH-CESM-ATM-26x1800x3600/ICLDIWP_1_26_1800_3600.f32#134,4194304,gdeflate,chunk=65536 level=5 shuffle=byte,3245272,186.519836,186.550508,2.838272,2.855680,1,1,
SDRBENCH-CESM-ATM-26x1800x3600/ICLDTWP_1_26_1800_3600.f32#144,4194304,gdeflate,chunk=65536 level=5 shuffle=byte,3151372,328.086212,328.116520,2.825344,2.843437,1,1,
SDRBENCH-CESM-ATM-26x1800x3600/ICWMR_1_26_1800_3600.f32#155,4194304,gdeflate,chunk=65536 level=5 shuffle=byte,3063240,342.926941,342.957595,3.045888,3.064852,1,1,
SDRBENCH-CESM-ATM-26x1800x3600/OMEGA_1_26_1800_3600.f32#4,4194304,gdeflate,chunk=65536 level=5 shuffle=byte,3274248,109.333885,109.363150,2.637056,2.654613,1,1,
SDRBENCH-CESM-ATM-26x1800x3600/QC_1_26_1800_3600.f32#15,4194304,gdeflate,chunk=65536 level=5 shuffle=byte,50756,384.305817,384.337599,0.538464,0.556713,1,1,
SDRBENCH-CESM-ATM-26x1800x3600/QRL_1_26_1800_3600.f32#25,4194304,gdeflate,chunk=65536 level=5 shuffle=byte,1965268,391.786743,391.818665,2.979840,2.998447,1,1,
SDRBENCH-CESM-ATM-26x1800x3600/QRS_1_26_1800_3600.f32#35,4194304,gdeflate,chunk=65536 level=5 shuffle=byte,2299004,390.677612,390.710549,2.458400,2.480046,1,1,
SDRBENCH-CESM-ATM-26x1800x3600/Q_1_26_1800_3600.f32#46,4194304,gdeflate,chunk=65536 level=5 shuffle=byte,2388668,390.759155,390.791601,2.364160,2.382684,1,1,
SDRBENCH-CESM-ATM-26x1800x3600/RELHUM_1_26_1800_3600.f32#56,4194304,gdeflate,chunk=65536 level=5 shuffle=byte,2235516,391.708038,391.740669,2.789632,2.808962,1,1,
SDRBENCH-CESM-ATM-26x1800x3600/T_1_26_1800_3600.f32#66,4194304,gdeflate,chunk=65536 level=5 shuffle=byte,1758884,395.448395,395.482089,2.687072,2.705899,1,1,
SDRBENCH-CESM-ATM-26x1800x3600/UU_1_26_1800_3600.f32#77,4194304,gdeflate,chunk=65536 level=5 shuffle=byte,2586412,386.250183,386.287613,2.456992,2.480637,1,1,
SDRBENCH-CESM-ATM-26x1800x3600/U_1_26_1800_3600.f32#87,4194304,gdeflate,chunk=65536 level=5 shuffle=byte,2340596,392.273102,392.368996,2.742080,2.760942,1,1,
SDRBENCH-CESM-ATM-26x1800x3600/VD01_1_26_1800_3600.f32#97,4194304,gdeflate,chunk=65536 level=5 shuffle=byte,3184296,169.723709,169.755915,2.913600,2.932244,1,1,
SDRBENCH-CESM-ATM-26x1800x3600/VQ_1_26_1800_3600.f32#108,4194304,gdeflate,chunk=65536 level=5 shuffle=byte,3021160,274.009918,274.041422,2.879904,2.898069,1,1,
SDRBENCH-CESM-ATM-26x1800x3600/VT_1_26_1800_3600.f32#118,4194304,gdeflate,chunk=65536 level=5 shuffle=byte,2711780,305.292358,305.325351,2.511296,2.529449,1,1,
SDRBENCH-CESM-ATM-26x1800x3600/VU_1_26_1800_3600.f32#128,4194304,gdeflate,chunk=65536 level=5 shuffle=byte,2839920,270.335571,270.367418,2.627168,2.645296,1,1,
SDRBENCH-CESM-ATM-26x1800x3600/VV_1_26_1800_3600.f32#139,4194304,gdeflate,chunk=65536 level=5 shuffle=byte,2839252,339.826324,339.856816,2.833216,2.851742,1,1,
SDRBENCH-CESM-ATM-26x1800x3600/V_1_26_1800_3600.f32#149,4194304,gdeflate,chunk=65536 level=5 shuffle=byte,2716664,344.744415,344.774820,2.677408,2.695650,1,1,
SDRBENCH-CESM-ATM-26x1800x3600/Z3_1_26_1800_3600.f32#160,2831360,gdeflate,chunk=65536 level=5 shuffle=byte,1391080,389.108978,389.141931,2.697472,2.715928,1,1,
SDRBENCH-CESM-ATM-26x1800x3600/CLDICE_1_26_1800_3600.f32#0,4194304,deflate,chunk=65536 level=4 shuffle=byte,102091,145.624863,145.655623,1.543616,1.562507,1,1,
SDRBENCH-CESM-ATM-26x1800x3600/CLDLIQ_1_26_1800_3600.f32#10,4194304,deflate,chunk=65536 level=4 shuffle=byte,2198393,111.880867,111.912316,8.414208,8.432990,1,1,
SDRBENCH-CESM-ATM-26x1800x3600/CLOUD_1_26_1800_3600.f32#20,4194304,deflate,chunk=65536 level=4 shuffle=byte,70211,142.615173,142.646005,0.880864,0.898824,1,1,
SDRBENCH-CESM-ATM-26x1800x3600/CMFDQR_1_26_1800_3600.f32#31,4194304,deflate,chunk=65536 level=4 shuffle=byte,70211,142.544159,142.573869,0.876320,0.894265,1,1,
SDRBENCH-CESM-ATM-26x1800x3600/CMFDQ_1_26_1800_3600.f32#41,4194304,deflate,chunk=65536 level=4 shuffle=byte,1665923,114.613823,114.642951,5.907328,5.924509,1,1,
SDRBENCH-CESM-ATM-26x1800x3600/CMFDT_1_26_1800_3600.f32#51,4194304,deflate,chunk=65536 level=4 shuffle=byte,1361261,119.247841,119.278756,5.623040,5.642000,1,1,
SDRBENCH-CESM-ATM-26x1800x3600/CONCLD_1_26_1800_3600.f32#62,4194304,deflate,chunk=65536 level=4 shuffle=byte,82607,144.099579,144.133662,1.371264,1.389673,1,1,
SDRBENCH-CESM-ATM-26x1800x3600/DCQ_1_26_1800_3600.f32#72,4194304,deflate,chunk=65536 level=4 shuffle=byte,3276621,93.204895,93.233151,8.418720,8.437107,1,1,
SDRBENCH-CESM-ATM-26x1800x3600/DTCOND_1_26_1800_3600.f32#82,4194304,deflate,chunk=65536 level=4 shuffle=byte,3176406,99.817024,99.846961,8.409792,8.428441,1,1,
SDRBENCH-CESM-ATM-26x1800x3600/DTV_1_26_1800_3600.f32#93,4194304,deflate,chunk=65536 level=4 shuffle=byte,2851435,101.550209,101.579207,8.400800,8.419003,1,1,
SDRBENCH-CESM-ATM-26x1800x3600/FICE_1_26_1800_3600.f32#103,4194304,deflate,chunk=65536 level=4 shuffle=byte,1768548,115.363708,115.394239,7.906848,7.925317,1,1,
SDRBENCH-CESM-ATM-26x1800x3600/GCLDLWP_1_26_1800_3600.f32#113,4194304,deflate,chunk=65536 level=4 shuffle=byte,3198034,99.189987,99.220107,8.410912,8.429322,1,1,
SDRBENCH-CESM-ATM-26x1800x3600/ICIMR_1_26_1800_3600.f32#124,4194304,deflate,chunk=65536 level=4 shuffle=byte,3099240,100.982430,101.013437,8.401760,8.419724,1,1,
SDRBENCH-CESM-ATM-26x1800x3600/ICLDIWP_1_26_1800_3600.f32#134,4194304,deflate,chunk=65536 level=4 shuffle=byte,3238940,96.361374,96.389494,8.410304,8.428230,1,1,
SDRBENCH-CESM-ATM-26x1800x3600/ICLDTWP_1_26_1800_3600.f32#144,4194304,deflate,chunk=65536 level=4 shuffle=byte,3146182,102.773315,102.802729,8.410464,8.429221,1,1,
SDRBENCH-CESM-ATM-26x1800x3600/ICWMR_1_26_1800_3600.f32#155,4194304,deflate,chunk=65536 level=4 shuffle=byte,3057387,106.513374,106.543748,8.409376,8.428420,1,1,
SDRBENCH-CESM-ATM-26x1800x3600/OMEGA_1_26_1800_3600.f32#4,4194304,deflate,chunk=65536 level=4 shuffle=byte,3266262,91.551552,91.581607,8.409152,8.427489,1,1,
SDRBENCH-CESM-ATM-26x1800x3600/QC_1_26_1800_3600.f32#15,4194304,deflate,chunk=65536 level=4 shuffle=byte,70211,143.143066,143.173783,0.873984,0.892122,1,1,
SDRBENCH-CESM-ATM-26x1800x3600/QRL_1_26_1800_3600.f32#25,4194304,deflate,chunk=65536 level=4 shuffle=byte,1970444,113.727005,113.757823,8.408800,8.427569,1,1,
SDRBENCH-CESM-ATM-26x1800x3600/QRS_1_26_1800_3600.f32#35,4194304,deflate,chunk=65536 level=4 shuffle=byte,2296204,106.702850,106.731880,8.398624,8.417390,1,1,
SDRBENCH-CESM-ATM-26x1800x3600/Q_1_26_1800_3600.f32#46,4194304,deflate,chunk=65536 level=4 shuffle=byte,2382492,106.022591,106.053249,8.397632,8.416819,1,1,
SDRBENCH-CESM-ATM-26x1800x3600/RELHUM_1_26_1800_3600.f32#56,4194304,deflate,chunk=65536 level=4 shuffle=byte,2233711,107.128067,107.158740,8.412544,8.430935,1,1,
SDRBENCH-CESM-ATM-26x1800x3600/T_1_26_1800_3600.f32#66,4194304,deflate,chunk=65536 level=4 shuffle=byte,1765124,115.839615,115.869229,8.400192,8.418272,1,1,
SDRBENCH-CESM-ATM-26x1800x3600/UU_1_26_1800_3600.f32#77,4194304,deflate,chunk=65536 level=4 shuffle=byte,2580159,105.825150,105.854266,8.399616,8.417821,1,1,
SDRBENCH-CESM-ATM-26x1800x3600/U_1_26_1800_3600.f32#87,4194304,deflate,chunk=65536 level=4 shuffle=byte,2336112,106.866272,106.899915,8.398496,8.416307,1,1,
SDRBENCH-CESM-ATM-26x1800x3600/VD01_1_26_1800_3600.f32#97,4194304,deflate,chunk=65536 level=4 shuffle=byte,3181409,97.273376,97.301963,8.399936,8.417781,1,1,
SDRBENCH-CESM-ATM-26x1800x3600/VQ_1_26_1800_3600.f32#108,4194304,deflate,chunk=65536 level=4 shuffle=byte,3018683,100.437088,100.466833,8.400032,8.419293,1,1,
SDRBENCH-CESM-ATM-26x1800x3600/VT_1_26_1800_3600.f32#118,4194304,deflate,chunk=65536 level=4 shuffle=byte,2708517,107.959267,107.988855,8.402048,8.420276,1,1,
SDRBENCH-CESM-ATM-26x1800x3600/VU_1_26_1800_3600.f32#128,4194304,deflate,chunk=65536 level=4 shuffle=byte,2835953,101.499329,101.530145,8.413152,8.431927,1,1,
SDRBENCH-CESM-ATM-26x1800x3600/VV_1_26_1800_3600.f32#139,4194304,deflate,chunk=65536 level=4 shuffle=byte,2835075,105.315071,105.346124,8.412064,8.430414,1,1,
SDRBENCH-CESM-ATM-26x1800x3600/V_1_26_1800_3600.f32#149,4194304,deflate,chunk=65536 level=4 shuffle=byte,2711971,103.723839,103.753781,8.410208,8.428410,1,1,
SDRBENCH-CESM-ATM-26x1800x3600/Z3_1_26_1800_3600.f32#160,2831360,deflate,chunk=65536 level=4 shuffle=byte,1392820,105.445412,105.475376,8.378624,8.396912,1,1,
SDRBENCH-CESM-ATM-26x1800x3600/CLDICE_1_26_1800_3600.f32#0,4194304,deflate,chunk=65536 level=5 shuffle=byte,40803,389.435974,389.468021,0.979552,0.998411,1,1,
SDRBENCH-CESM-ATM-26x1800x3600/CLDLIQ_1_26_1800_3600.f32#10,4194304,deflate,chunk=65536 level=5 shuffle=byte,2163194,328.626862,328.672551,8.386560,8.404926,1,1,
SDRBENCH-CESM-ATM-26x1800x3600/CLOUD_1_26_1800_3600.f32#20,4194304,deflate,chunk=65536 level=5 shuffle=byte,8772,384.363586,384.393955,0.429632,0.448580,1,1,
SDRBENCH-CESM-ATM-26x1800x3600/CMFDQR_1_26_1800_3600.f32#31,4194304,deflate,chunk=65536 level=5 shuffle=byte,8772,384.404541,384.435273,0.429280,0.447949,1,1,
SDRBENCH-CESM-ATM-26x1800x3600/CMFDQ_1_26_1800_3600.f32#41,4194304,deflate,chunk=65536 level=5 shuffle=byte,1615326,295.437592,295.467844,5.816800,5.834761,1,1,
SDRBENCH-CESM-ATM-26x1800x3600/CMFDT_1_26_1800_3600.f32#51,4194304,deflate,chunk=65536 level=5 shuffle=byte,1306938,286.898682,286.928986,5.482464,5.500866,1,1,
SDRBENCH-CESM-ATM-26x1800x3600/CONCLD_1_26_1800_3600.f32#62,4194304,deflate,chunk=65536 level=5 shuffle=byte,20963,388.109772,388.142749,0.731488,0.750286,1,1,
SDRBENCH-CESM-ATM-26x1800x3600/DCQ_1_26_1800_3600.f32#72,4194304,deflate,chunk=65536 level=5 shuffle=byte,3270250,144.738083,144.767619,8.407840,8.426637,1,1,
SDRBENCH-CESM-ATM-26x1800x3600/DTCOND_1_26_1800_3600.f32#82,4194304,deflate,chunk=65536 level=5 shuffle=byte,3166265,237.337189,237.368426,8.420256,8.439181,1,1,
SDRBENCH-CESM-ATM-26x1800x3600/DTV_1_26_1800_3600.f32#93,4194304,deflate,chunk=65536 level=5 shuffle=byte,2841194,358.445404,358.477401,8.402080,8.420476,1,1,
SDRBENCH-CESM-ATM-26x1800x3600/FICE_1_26_1800_3600.f32#103,4194304,deflate,chunk=65536 level=5 shuffle=byte,1732349,393.772308,393.803233,7.861856,7.880323,1,1,
SDRBENCH-CESM-ATM-26x1800x3600/GCLDLWP_1_26_1800_3600.f32#113,4194304,deflate,chunk=65536 level=5 shuffle=byte,3186970,234.662491,234.693073,8.414944,8.433460,1,1,
SDRBENCH-CESM-ATM-26x1800x3600/ICIMR_1_26_1800_3600.f32#124,4194304,deflate,chunk=65536 level=5 shuffle=byte,3090494,285.204437,285.235073,8.417408,8.435333,1,1,
SDRBENCH-CESM-ATM-26x1800x3600/ICLDIWP_1_26_1800_3600.f32#134,4194304,deflate,chunk=65536 level=5 shuffle=byte,3232961,188.956802,188.986663,8.409408,8.428130,1,1,
SDRBENCH-CESM-ATM-26x1800x3600/ICLDTWP_1_26_1800_3600.f32#144,4194304,deflate,chunk=65536 level=5 shuffle=byte,3136838,329.948242,329.979140,8.428032,8.446995,1,1,
SDRBENCH-CESM-ATM-26x1800x3600/ICWMR_1_26_1800_3600.f32#155,4194304,deflate,chunk=65536 level=5 shuffle=byte,3047918,343.845795,343.878631,8.410944,8.430304,1,1,
SDRBENCH-CESM-ATM-26x1800x3600/OMEGA_1_26_1800_3600.f32#4,4194304,deflate,chunk=65536 level=5 shuffle=byte,3262650,111.193916,111.223445,8.410016,8.428141,1,1,
SDRBENCH-CESM-ATM-26x1800x3600/QC_1_26_1800_3600.f32#15,4194304,deflate,chunk=65536 level=5 shuffle=byte,8772,384.356598,384.388575,0.429632,0.448300,1,1,
SDRBENCH-CESM-ATM-26x1800x3600/QRL_1_26_1800_3600.f32#25,4194304,deflate,chunk=65536 level=5 shuffle=byte,1944573,393.446106,393.476912,8.408992,8.427538,1,1,
SDRBENCH-CESM-ATM-26x1800x3600/QRS_1_26_1800_3600.f32#35,4194304,deflate,chunk=65536 level=5 shuffle=byte,2279621,392.886230,392.916211,8.410112,8.428411,1,1,
SDRBENCH-CESM-ATM-26x1800x3600/Q_1_26_1800_3600.f32#46,4194304,deflate,chunk=65536 level=5 shuffle=byte,2369773,393.998566,394.031110,8.409408,8.428370,1,1,
SDRBENCH-CESM-ATM-26x1800x3600/RELHUM_1_26_1800_3600.f32#56,4194304,deflate,chunk=65536 level=5 shuffle=byte,2216013,395.743958,395.774246,8.408832,8.428070,1,1,
SDRBENCH-CESM-ATM-26x1800x3600/T_1_26_1800_3600.f32#66,4194304,deflate,chunk=65536 level=5 shuffle=byte,1735989,394.476837,394.508034,8.410304,8.429022,1,1,
SDRBENCH-CESM-ATM-26x1800x3600/UU_1_26_1800_3600.f32#77,4194304,deflate,chunk=65536 level=5 shuffle=byte,2567601,387.006805,387.036576,8.417952,8.436556,1,1,
SDRBENCH-CESM-ATM-26x1800x3600/U_1_26_1800_3600.f32#87,4194304,deflate,chunk=65536 level=5 shuffle=byte,2321443,393.032776,393.063637,8.398592,8.416949,1,1,
SDRBENCH-CESM-ATM-26x1800x3600/VD01_1_26_1800_3600.f32#97,4194304,deflate,chunk=65536 level=5 shuffle=byte,3172044,171.814468,171.844026,8.418112,8.436836,1,1,
SDRBENCH-CESM-ATM-26x1800x3600/VQ_1_26_1800_3600.f32#108,4194304,deflate,chunk=65536 level=5 shuffle=byte,3007086,276.589417,276.621005,8.412928,8.431306,1,1,
SDRBENCH-CESM-ATM-26x1800x3600/VT_1_26_1800_3600.f32#118,4194304,deflate,chunk=65536 level=5 shuffle=byte,2695710,307.424255,307.453528,8.402208,8.420366,1,1,
SDRBENCH-CESM-ATM-26x1800x3600/VU_1_26_1800_3600.f32#128,4194304,deflate,chunk=65536 level=5 shuffle=byte,2824783,272.403168,272.437237,8.413920,8.433040,1,1,
SDRBENCH-CESM-ATM-26x1800x3600/VV_1_26_1800_3600.f32#139,4194304,deflate,chunk=65536 level=5 shuffle=byte,2823087,341.637482,341.671365,8.411040,8.429443,1,1,
SDRBENCH-CESM-ATM-26x1800x3600/V_1_26_1800_3600.f32#149,4194304,deflate,chunk=65536 level=5 shuffle=byte,2700312,345.009827,345.041710,8.420128,8.439622,1,1,
SDRBENCH-CESM-ATM-26x1800x3600/Z3_1_26_1800_3600.f32#160,2831360,deflate,chunk=65536 level=5 shuffle=byte,1376345,390.746857,390.777475,8.400480,8.418842,1,1,
SDRBENCH-CESM-ATM-26x1800x3600/CLDICE_1_26_1800_3600.f32#0,4194304,gdeflate,chunk=262144 level=4 shuffle=byte,101976,401.031189,401.061651,4.670080,4.688614,1,1,
SDRBENCH-CESM-ATM-26x1800x3600/CLDLIQ_1_26_1800_3600.f32#10,4194304,gdeflate,chunk=262144 level=4 shuffle=byte,2197184,366.986877,367.016920,9.306144,9.324239,1,1,
SDRBENCH-CESM-ATM-26x1800x3600/CLOUD_1_26_1800_3600.f32#20,4194304,gdeflate,chunk=262144 level=4 shuffle=byte,70084,393.137573,393.173754,2.748512,2.767275,1,1,
SDRBENCH-CESM-ATM-26x1800x3600/CMFDQR_1_26_1800_3600.f32#31,4194304,gdeflate,chunk=262144 level=4 shuffle=byte,70084,393.129517,393.161451,2.748384,2.766664,1,1,
SDRBENCH-CESM-ATM-26x1800x3600/CMFDQ_1_26_1800_3600.f32#41,4194304,gdeflate,chunk=262144 level=4 shuffle=byte,1676112,363.438843,363.469894,9.440672,9.459603,1,1,
SDRBENCH-CESM-ATM-26x1800x3600/CMFDT_1_26_1800_3600.f32#51,4194304,gdeflate,chunk=262144 level=4 shuffle=byte,1372484,372.769287,372.800024,9.281984,9.300855,1,1,
SDRBENCH-CESM-ATM-26x1800x3600/CONCLD_1_26_1800_3600.f32#62,4194304,gdeflate,chunk=262144 level=4 shuffle=byte,82416,401.339661,401.370560,3.311680,3.329829,1,1,
SDRBENCH-CESM-ATM-26x1800x3600/DCQ_1_26_1800_3600.f32#72,4194304,gdeflate,chunk=262144 level=4 shuffle=byte,3274588,340.890045,340.920528,10.180000,10.201913,1,1,
SDRBENCH-CESM-ATM-26x1800x3600/DTCOND_1_26_1800_3600.f32#82,4194304,gdeflate,chunk=262144 level=4 shuffle=byte,3177804,354.070801,354.106752,11.093376,11.111368,1,1,
SDRBENCH-CESM-ATM-26x1800x3600/DTV_1_26_1800_3600.f32#93,4194304,gdeflate,chunk=262144 level=4 shuffle=byte,2831704,359.522827,359.554048,11.111552,11.129931,1,1,
SDRBENCH-CESM-ATM-26x1800x3600/FICE_1_26_1800_3600.f32#103,4194304,gdeflate,chunk=262144 level=4 shuffle=byte,1756500,376.722900,376.753361,9.832032,9.850625,1,1,
SDRBENCH-CESM-ATM-26x1800x3600/GCLDLWP_1_26_1800_3600.f32#113,4194304,gdeflate,chunk=262144 level=4 shuffle=byte,3197068,351.824127,351.854412,11.151904,11.170588,1,1,
SDRBENCH-CESM-ATM-26x1800x3600/ICIMR_1_26_1800_3600.f32#124,4194304,gdeflate,chunk=262144 level=4 shuffle=byte,3094240,354.721130,354.752462,11.466880,11.485177,1,1,
SDRBENCH-CESM-ATM-26x1800x3600/ICLDIWP_1_26_1800_3600.f32#134,4194304,gdeflate,chunk=262144 level=4 shuffle=byte,3237120,347.139282,347.169596,10.887936,10.906443,1,1,
SDRBENCH-CESM-ATM-26x1800x3600/ICLDTWP_1_26_1800_3600.f32#144,4194304,gdeflate,chunk=262144 level=4 shuffle=byte,3150140,353.778107,353.808665,10.930400,10.948832,1,1,
SDRBENCH-CESM-ATM-26x1800x3600/ICWMR_1_26_1800_3600.f32#155,4194304,gdeflate,chunk=262144 level=4 shuffle=byte,3048928,356.670990,356.700873,11.710432,11.728323,1,1,
SDRBENCH-CESM-ATM-26x1800x3600/OMEGA_1_26_1800_3600.f32#4,4194304,gdeflate,chunk=262144 level=4 shuffle=byte,3261892,336.436584,336.466023,10.231840,10.249753,1,1,
SDRBENCH-CESM-ATM-26x1800x3600/QC_1_26_1800_3600.f32#15,4194304,gdeflate,chunk=262144 level=4 shuffle=byte,70084,393.016876,393.048209,2.747392,2.769419,1,1,
SDRBENCH-CESM-ATM-26x1800x3600/QRL_1_26_1800_3600.f32#25,4194304,gdeflate,chunk=262144 level=4 shuffle=byte,1945644,373.499329,373.530333,11.584128,11.602146,1,1,
SDRBENCH-CESM-ATM-26x1800x3600/QRS_1_26_1800_3600.f32#35,4194304,gdeflate,chunk=262144 level=4 shuffle=byte,2291676,361.963196,361.994239,9.347360,9.366378,1,1,
SDRBENCH-CESM-ATM-26x1800x3600/Q_1_26_1800_3600.f32#46,4194304,gdeflate,chunk=262144 level=4 shuffle=byte,2372992,360.645020,360.674978,9.194528,9.212790,1,1,
SDRBENCH-CESM-ATM-26x1800x3600/RELHUM_1_26_1800_3600.f32#56,4194304,gdeflate,chunk=262144 level=4 shuffle=byte,2216740,363.584320,363.615658,10.782912,10.801256,1,1,
SDRBENCH-CESM-ATM-26x1800x3600/T_1_26_1800_3600.f32#66,4194304,gdeflate,chunk=262144 level=4 shuffle=byte,1725412,376.215271,376.245539,10.125664,10.144144,1,1,
SDRBENCH-CESM-ATM-26x1800x3600/UU_1_26_1800_3600.f32#77,4194304,gdeflate,chunk=262144 level=4 shuffle=byte,2550308,361.990784,362.021331,9.108320,9.126769,1,1,
SDRBENCH-CESM-ATM-26x1800x3600/U_1_26_1800_3600.f32#87,4194304,gdeflate,chunk=262144 level=4 shuffle=byte,2318288,363.980255,364.016909,10.500960,10.519278,1,1,
SDRBENCH-CESM-ATM-26x1800x3600/VD01_1_26_1800_3600.f32#97,4194304,gdeflate,chunk=262144 level=4 shuffle=byte,3177364,350.077057,350.107740,11.225920,11.244406,1,1,
SDRBENCH-CESM-ATM-26x1800x3600/VQ_1_26_1800_3600.f32#108,4194304,gdeflate,chunk=262144 level=4 shuffle=byte,3004860,354.436188,354.467318,11.079872,11.098553,1,1,
SDRBENCH-CESM-ATM-26x1800x3600/VT_1_26_1800_3600.f32#118,4194304,gdeflate,chunk=262144 level=4 shuffle=byte,2679196,359.052643,359.082835,9.209152,9.228069,1,1,
SDRBENCH-CESM-ATM-26x1800x3600/VU_1_26_1800_3600.f32#128,4194304,gdeflate,chunk=262144 level=4 shuffle=byte,2810520,355.353180,355.383775,9.886240,9.904235,1,1,
SDRBENCH-CESM-ATM-26x1800x3600/VV_1_26_1800_3600.f32#139,4194304,gdeflate,chunk=262144 level=4 shuffle=byte,2814100,359.312164,359.342572,10.632768,10.650954,1,1,
SDRBENCH-CESM-ATM-26x1800x3600/V_1_26_1800_3600.f32#149,4194304,gdeflate,chunk=262144 level=4 shuffle=byte,2683876,357.247681,357.276992,9.810688,9.828514,1,1,
SDRBENCH-CESM-ATM-26x1800x3600/Z3_1_26_1800_3600.f32#160,2831360,gdeflate,chunk=262144 level=4 shuffle=byte,1374572,352.936371,352.965484,10.174112,10.192165,1,1,
SDRBENCH-CESM-ATM-26x1800x3600/CLDICE_1_26_1800_3600.f32#0,4194304,gdeflate,chunk=262144 level=5 shuffle=byte,72092,1300.603394,1300.635026,2.239520,2.258251,1,1,
SDRBENCH-CESM-ATM-26x1800x3600/CLDLIQ_1_26_1800_3600.f32#10,4194304,gdeflate,chunk=262144 level=5 shuffle=byte,2167868,1102.516479,1102.550288,9.212288,9.231235,1,1,
SDRBENCH-CESM-ATM-26x1800x3600/CLOUD_1_26_1800_3600.f32#20,4194304,gdeflate,chunk=262144 level=5 shuffle=byte,40900,1280.923584,1280.957581,1.762432,1.781097,1,1,
SDRBENCH-CESM-ATM-26x1800x3600/CMFDQR_1_26_1800_3600.f32#31,4194304,gdeflate,chunk=262144 level=5 shuffle=byte,40900,1280.454224,1280.486628,1.762464,1.781428,1,1,
SDRBENCH-CESM-ATM-26x1800x3600/CMFDQ_1_26_1800_3600.f32#41,4194304,gdeflate,chunk=262144 level=5 shuffle=byte,1621644,809.897339,809.929949,8.712800,8.732289,1,1,
SDRBENCH-CESM-ATM-26x1800x3600/CMFDT_1_26_1800_3600.f32#51,4194304,gdeflate,chunk=262144 level=5 shuffle=byte,1316144,889.945496,889.975683,8.510848,8.529079,1,1,
SDRBENCH-CESM-ATM-26x1800x3600/CONCLD_1_26_1800_3600.f32#62,4194304,gdeflate,chunk=262144 level=5 shuffle=byte,53344,1296.880249,1296.912162,1.896896,1.914977,1,1,
SDRBENCH-CESM-ATM-26x1800x3600/DCQ_1_26_1800_3600.f32#72,4194304,gdeflate,chunk=262144 level=5 shuffle=byte,3267456,496.822693,496.852504,10.184960,10.202935,1,1,
SDRBENCH-CESM-ATM-26x1800x3600/DTCOND_1_26_1800_3600.f32#82,4194304,gdeflate,chunk=262144 level=5 shuffle=byte,3163088,753.124939,753.157076,11.088064,11.106087,1,1,
SDRBENCH-CESM-ATM-26x1800x3600/DTV_1_26_1800_3600.f32#93,4194304,gdeflate,chunk=262144 level=5 shuffle=byte,2821692,1188.877563,1188.908949,11.103104,11.121727,1,1,
SDRBENCH-CESM-ATM-26x1800x3600/FICE_1_26_1800_3600.f32#103,4194304,gdeflate,chunk=262144 level=5 shuffle=byte,1731076,1320.248413,1320.283777,9.465728,9.484108,1,1,
SDRBENCH-CESM-ATM-26x1800x3600/GCLDLWP_1_26_1800_3600.f32#113,4194304,gdeflate,chunk=262144 level=5 shuffle=byte,3182800,787.039612,787.067838,11.148512,11.166571,1,1,
SDRBENCH-CESM-ATM-26x1800x3600/ICIMR_1_26_1800_3600.f32#124,4194304,gdeflate,chunk=262144 level=5 shuffle=byte,3081668,848.656189,848.701096,11.474240,11.493293,1,1,
SDRBENCH-CESM-ATM-26x1800x3600/ICLDIWP_1_26_1800_3600.f32#134,4194304,gdeflate,chunk=262144 level=5 shuffle=byte,3229952,639.286255,639.327749,10.883040,10.903338,1,1,
SDRBENCH-CESM-ATM-26x1800x3600/ICLDTWP_1_26_1800_3600.f32#144,4194304,gdeflate,chunk=262144 level=5 shuffle=byte,3137724,1007.167847,1007.211158,10.934656,10.953160,1,1,
SDRBENCH-CESM-ATM-26x1800x3600/ICWMR_1_26_1800_3600.f32#155,4194304,gdeflate,chunk=262144 level=5 shuffle=byte,3038500,1106.804321,1106.847437,11.712416,11.731009,1,1,
SDRBENCH-CESM-ATM-26x1800x3600/OMEGA_1_26_1800_3600.f32#4,4194304,gdeflate,chunk=262144 level=5 shuffle=byte,3257440,403.411560,403.443801,10.226304,10.249402,1,1,
SDRBENCH-CESM-ATM-26x1800x3600/QC_1_26_1800_3600.f32#15,4194304,gdeflate,chunk=262144 level=5 shuffle=byte,40900,1280.514893,1280.571938,1.780768,1.800123,1,1,
SDRBENCH-CESM-ATM-26x1800x3600/QRL_1_26_1800_3600.f32#25,4194304,gdeflate,chunk=262144 level=5 shuffle=byte,1928516,1321.454712,1321.512270,11.601536,11.621382,1,1,
SDRBENCH-CESM-ATM-26x1800x3600/QRS_1_26_1800_3600.f32#35,4194304,gdeflate,chunk=262144 level=5 shuffle=byte,2282972,1318.970459,1319.012147,9.354912,9.373962,1,1,
SDRBENCH-CESM-ATM-26x1800x3600/Q_1_26_1800_3600.f32#46,4194304,gdeflate,chunk=262144 level=5 shuffle=byte,2366532,1310.036499,1310.071346,9.126816,9.145644,1,1,
SDRBENCH-CESM-ATM-26x1800x3600/RELHUM_1_26_1800_3600.f32#56,4194304,gdeflate,chunk=262144 level=5 shuffle=byte,2206964,1318.217773,1318.257143,10.768160,10.787691,1,1,
SDRBENCH-CESM-ATM-26x1800x3600/T_1_26_1800_3600.f32#66,4194304,gdeflate,chunk=262144 level=5 shuffle=byte,1707508,1319.225586,1319.263258,10.122880,10.141721,1,1,
SDRBENCH-CESM-ATM-26x1800x3600/UU_1_26_1800_3600.f32#77,4194304,gdeflate,chunk=262144 level=5 shuffle=byte,2544112,1284.170288,1284.202400,9.108352,9.126318,1,1,
SDRBENCH-CESM-ATM-26x1800x3600/U_1_26_1800_3600.f32#87,4194304,gdeflate,chunk=262144 level=5 shuffle=byte,2310928,1315.534424,1315.567303,10.533120,10.551749,1,1,
SDRBENCH-CESM-ATM-26x1800x3600/VD01_1_26_1800_3600.f32#97,4194304,gdeflate,chunk=262144 level=5 shuffle=byte,3164564,591.702820,591.741176,11.251808,11.270495,1,1,
SDRBENCH-CESM-ATM-26x1800x3600/VQ_1_26_1800_3600.f32#108,4194304,gdeflate,chunk=262144 level=5 shuffle=byte,2991796,911.599060,911.630167,11.069824,11.088244,1,1,
SDRBENCH-CESM-ATM-26x1800x3600/VT_1_26_1800_3600.f32#118,4194304,gdeflate,chunk=262144 level=5 shuffle=byte,2667884,1030.151978,1030.184499,9.214816,9.233739,1,1,
SDRBENCH-CESM-ATM-26x1800x3600/VU_1_26_1800_3600.f32#128,4194304,gdeflate,chunk=262144 level=5 shuffle=byte,2800156,910.371338,910.401686,9.899520,9.917891,1,1,
SDRBENCH-CESM-ATM-26x1800x3600/VV_1_26_1800_3600.f32#139,4194304,gdeflate,chunk=262144 level=5 shuffle=byte,2800584,1095.898926,1095.930013,10.633088,10.651366,1,1,
SDRBENCH-CESM-ATM-26x1800x3600/V_1_26_1800_3600.f32#149,4194304,gdeflate,chunk=262144 level=5 shuffle=byte,2674520,1133.649414,1133.680839,9.804160,9.822322,1,1,
SDRBENCH-CESM-ATM-26x1800x3600/Z3_1_26_1800_3600.f32#160,2831360,gdeflate,chunk=262144 level=5 shuffle=byte,1363716,1246.099854,1246.131034,10.201280,10.219216,1,1,
SDRBENCH-CESM-ATM-26x1800x3600/CLDICE_1_26_1800_3600.f32#0,4194304,deflate,chunk=262144 level=4 shuffle=byte,98731,400.734650,400.764562,4.845600,4.863372,1,1,
SDRBENCH-CESM-ATM-26x1800x3600/CLDLIQ_1_26_1800_3600.f32#10,4194304,deflate,chunk=262144 level=4 shuffle=byte,2194116,374.185516,374.214761,32.706848,32.725130,1,1,
SDRBENCH-CESM-ATM-26x1800x3600/CLOUD_1_26_1800_3600.f32#20,4194304,deflate,chunk=262144 level=4 shuffle=byte,66755,392.373230,392.401994,2.940512,2.958011,1,1,
SDRBENCH-CESM-ATM-26x1800x3600/CMFDQR_1_26_1800_3600.f32#31,4194304,deflate,chunk=262144 level=4 shuffle=byte,66755,392.363770,392.392166,2.939584,2.957060,1,1,
SDRBENCH-CESM-ATM-26x1800x3600/CMFDQ_1_26_1800_3600.f32#41,4194304,deflate,chunk=262144 level=4 shuffle=byte,1673107,368.085815,368.114822,22.559168,22.576758,1,1,
SDRBENCH-CESM-ATM-26x1800x3600/CMFDT_1_26_1800_3600.f32#51,4194304,deflate,chunk=262144 level=4 shuffle=byte,1369481,380.810242,380.838310,20.922272,20.939730,1,1,
SDRBENCH-CESM-ATM-26x1800x3600/CONCLD_1_26_1800_3600.f32#62,4194304,deflate,chunk=262144 level=4 shuffle=byte,79169,403.031738,403.064961,3.502048,3.520125,1,1,
SDRBENCH-CESM-ATM-26x1800x3600/DCQ_1_26_1800_3600.f32#72,4194304,deflate,chunk=262144 level=4 shuffle=byte,3271473,349.478333,349.508163,33.328545,33.346514,1,1,
SDRBENCH-CESM-ATM-26x1800x3600/DTCOND_1_26_1800_3600.f32#82,4194304,deflate,chunk=262144 level=4 shuffle=byte,3174683,360.038055,360.065963,33.324673,33.342768,1,1,
SDRBENCH-CESM-ATM-26x1800x3600/DTV_1_26_1800_3600.f32#93,4194304,deflate,chunk=262144 level=4 shuffle=byte,2828667,363.353821,363.382486,33.266655,33.284228,1,1,
SDRBENCH-CESM-ATM-26x1800x3600/FICE_1_26_1800_3600.f32#103,4194304,deflate,chunk=262144 level=4 shuffle=byte,1753428,379.391083,379.421185,30.379904,30.397559,1,1,
SDRBENCH-CESM-ATM-26x1800x3600/GCLDLWP_1_26_1800_3600.f32#113,4194304,deflate,chunk=262144 level=4 shuffle=byte,3193951,358.190613,358.219273,33.321087,33.339391,1,1,
SDRBENCH-CESM-ATM-26x1800x3600/ICIMR_1_26_1800_3600.f32#124,4194304,deflate,chunk=262144 level=4 shuffle=byte,3091167,362.005219,362.036926,33.306946,33.324303,1,1,
SDRBENCH-CESM-ATM-26x1800x3600/ICLDIWP_1_26_1800_3600.f32#134,4194304,deflate,chunk=262144 level=4 shuffle=byte,3234032,354.176910,354.205243,33.328735,33.346865,1,1,
SDRBENCH-CESM-ATM-26x1800x3600/ICLDTWP_1_26_1800_3600.f32#144,4194304,deflate,chunk=262144 level=4 shuffle=byte,3147013,361.128052,361.155925,33.313984,33.331567,1,1,
SDRBENCH-CESM-ATM-26x1800x3600/ICWMR_1_26_1800_3600.f32#155,4194304,deflate,chunk=262144 level=4 shuffle=byte,3045809,365.600098,365.628254,33.294048,33.311589,1,1,
SDRBENCH-CESM-ATM-26x1800x3600/OMEGA_1_26_1800_3600.f32#4,4194304,deflate,chunk=262144 level=4 shuffle=byte,3258722,343.759125,343.787225,33.315903,33.333079,1,1,
SDRBENCH-CESM-ATM-26x1800x3600/QC_1_26_1800_3600.f32#15,4194304,deflate,chunk=262144 level=4 shuffle=byte,66755,392.370667,392.400462,2.930176,2.948103,1,1,
SDRBENCH-CESM-ATM-26x1800x3600/QRL_1_26_1800_3600.f32#25,4194304,deflate,chunk=262144 level=4 shuffle=byte,1942548,379.289459,379.316820,33.096928,33.114931,1,1,
SDRBENCH-CESM-ATM-26x1800x3600/QRS_1_26_1800_3600.f32#35,4194304,deflate,chunk=262144 level=4 shuffle=byte,2288508,368.602631,368.631240,33.257057,33.274770,1,1,
SDRBENCH-CESM-ATM-26x1800x3600/Q_1_26_1800_3600.f32#46,4194304,deflate,chunk=262144 level=4 shuffle=byte,2369890,367.550018,367.578548,33.273342,33.291041,1,1,
SDRBENCH-CESM-ATM-26x1800x3600/RELHUM_1_26_1800_3600.f32#56,4194304,deflate,chunk=262144 level=4 shuffle=byte,2213632,370.663391,370.693994,33.214622,33.232221,1,1,
SDRBENCH-CESM-ATM-26x1800x3600/T_1_26_1800_3600.f32#66,4194304,deflate,chunk=262144 level=4 shuffle=byte,1722308,383.773743,383.804937,32.990238,33.007399,1,1,
SDRBENCH-CESM-ATM-26x1800x3600/UU_1_26_1800_3600.f32#77,4194304,deflate,chunk=262144 level=4 shuffle=byte,2547246,366.854797,366.884587,33.279938,33.297844,1,1,
SDRBENCH-CESM-ATM-26x1800x3600/U_1_26_1800_3600.f32#87,4194304,deflate,chunk=262144 level=4 shuffle=byte,2315194,368.781067,368.809214,33.282558,33.300528,1,1,
SDRBENCH-CESM-ATM-26x1800x3600/VD01_1_26_1800_3600.f32#97,4194304,deflate,chunk=262144 level=4 shuffle=byte,3174208,545.667419,545.697794,33.311394,33.329283,1,1,
SDRBENCH-CESM-ATM-26x1800x3600/VQ_1_26_1800_3600.f32#108,4194304,deflate,chunk=262144 level=4 shuffle=byte,3001716,361.147095,361.175732,33.321182,33.338950,1,1,
SDRBENCH-CESM-ATM-26x1800x3600/VT_1_26_1800_3600.f32#118,4194304,deflate,chunk=262144 level=4 shuffle=byte,2676090,365.340729,365.374920,33.278080,33.295820,1,1,
SDRBENCH-CESM-ATM-26x1800x3600/VU_1_26_1800_3600.f32#128,4194304,deflate,chunk=262144 level=4 shuffle=byte,2807449,361.658691,361.688854,33.284191,33.302232,1,1,
SDRBENCH-CESM-ATM-26x1800x3600/VV_1_26_1800_3600.f32#139,4194304,deflate,chunk=262144 level=4 shuffle=byte,2811008,366.055847,366.086413,33.271488,33.289187,1,1,
SDRBENCH-CESM-ATM-26x1800x3600/V_1_26_1800_3600.f32#149,4194304,deflate,chunk=262144 level=4 shuffle=byte,2680824,365.001007,365.030624,33.265408,33.283296,1,1,
SDRBENCH-CESM-ATM-26x1800x3600/Z3_1_26_1800_3600.f32#160,2831360,deflate,chunk=262144 level=4 shuffle=byte,1372484,361.107117,361.138192,32.989151,33.007199,1,1,
SDRBENCH-CESM-ATM-26x1800x3600/CLDICE_1_26_1800_3600.f32#0,4194304,deflate,chunk=262144 level=5 shuffle=byte,37392,1299.290771,1299.323009,1.887904,1.906142,1,1,
SDRBENCH-CESM-ATM-26x1800x3600/CLDLIQ_1_26_1800_3600.f32#10,4194304,deflate,chunk=262144 level=5 shuffle=byte,2155796,1106.949341,1106.984965,32.740608,32.759474,1,1,
SDRBENCH-CESM-ATM-26x1800x3600/CLOUD_1_26_1800_3600.f32#20,4194304,deflate,chunk=262144 level=5 shuffle=byte,5314,1281.863892,1281.895710,1.124480,1.142721,1,1,
SDRBENCH-CESM-ATM-26x1800x3600/CMFDQR_1_26_1800_3600.f32#31,4194304,deflate,chunk=262144 level=5 shuffle=byte,5314,1282.121216,1282.177838,1.127872,1.155835,1,1,
SDRBENCH-CESM-ATM-26x1800x3600/CMFDQ_1_26_1800_3600.f32#41,4194304,deflate,chunk=262144 level=5 shuffle=byte,1612897,814.105225,814.147504,22.589825,22.609108,1,1,
SDRBENCH-CESM-ATM-26x1800x3600/CMFDT_1_26_1800_3600.f32#51,4194304,deflate,chunk=262144 level=5 shuffle=byte,1304746,894.139771,894.174003,20.423807,20.442629,1,1,
SDRBENCH-CESM-ATM-26x1800x3600/CONCLD_1_26_1800_3600.f32#62,4194304,deflate,chunk=262144 level=5 shuffle=byte,18088,1296.541138,1296.577195,1.387424,1.405514,1,1,
SDRBENCH-CESM-ATM-26x1800x3600/DCQ_1_26_1800_3600.f32#72,4194304,deflate,chunk=262144 level=5 shuffle=byte,3263970,501.885681,501.917251,33.349281,33.367854,1,1,
SDRBENCH-CESM-ATM-26x1800x3600/DTCOND_1_26_1800_3600.f32#82,4194304,deflate,chunk=262144 level=5 shuffle=byte,3158316,760.515930,760.548686,33.335938,33.354600,1,1,
SDRBENCH-CESM-ATM-26x1800x3600/DTV_1_26_1800_3600.f32#93,4194304,deflate,chunk=262144 level=5 shuffle=byte,2815234,1194.098022,1194.134108,33.203327,33.222582,1,1,
SDRBENCH-CESM-ATM-26x1800x3600/FICE_1_26_1800_3600.f32#103,4194304,deflate,chunk=262144 level=5 shuffle=byte,1716338,1325.308472,1325.397640,30.234816,30.262287,1,1,
SDRBENCH-CESM-ATM-26x1800x3600/GCLDLWP_1_26_1800_3600.f32#113,4194304,deflate,chunk=262144 level=5 shuffle=byte,3178111,793.088806,793.121271,33.325375,33.343990,1,1,
SDRBENCH-CESM-ATM-26x1800x3600/ICIMR_1_26_1800_3600.f32#124,4194304,deflate,chunk=262144 level=5 shuffle=byte,3076572,852.723694,852.758592,33.340065,33.360030,1,1,
SDRBENCH-CESM-ATM-26x1800x3600/ICLDIWP_1_26_1800_3600.f32#134,4194304,deflate,chunk=262144 level=5 shuffle=byte,3226236,645.513489,645.546500,33.353664,33.375219,1,1,
SDRBENCH-CESM-ATM-26x1800x3600/ICLDTWP_1_26_1800_3600.f32#144,4194304,deflate,chunk=262144 level=5 shuffle=byte,3131690,1013.834351,1013.867479,33.331585,33.350812,1,1,
SDRBENCH-CESM-ATM-26x1800x3600/ICWMR_1_26_1800_3600.f32#155,4194304,deflate,chunk=262144 level=5 shuffle=byte,3031723,1115.067261,1115.103925,33.325153,33.344250,1,1,
SDRBENCH-CESM-ATM-26x1800x3600/OMEGA_1_26_1800_3600.f32#4,4194304,deflate,chunk=262144 level=5 shuffle=byte,3254277,410.412872,410.444266,33.370144,33.388223,1,1,
SDRBENCH-CESM-ATM-26x1800x3600/QC_1_26_1800_3600.f32#15,4194304,deflate,chunk=262144 level=5 shuffle=byte,5314,1280.381348,1280.415316,1.116576,1.135357,1,1,
SDRBENCH-CESM-ATM-26x1800x3600/QRL_1_26_1800_3600.f32#25,4194304,deflate,chunk=262144 level=5 shuffle=byte,1916018,1327.194214,1327.226356,33.153023,33.171467,1,1,
SDRBENCH-CESM-ATM-26x1800x3600/QRS_1_26_1800_3600.f32#35,4194304,deflate,chunk=262144 level=5 shuffle=byte,2271746,1324.618652,1324.652915,33.212994,33.231519,1,1,
SDRBENCH-CESM-ATM-26x1800x3600/Q_1_26_1800_3600.f32#46,4194304,deflate,chunk=262144 level=5 shuffle=byte,2356351,1326.357178,1326.391242,33.207233,33.225798,1,1,
SDRBENCH-CESM-ATM-26x1800x3600/RELHUM_1_26_1800_3600.f32#56,4194304,deflate,chunk=262144 level=5 shuffle=byte,2195895,1325.740845,1325.775357,33.210049,33.228644,1,1,
SDRBENCH-CESM-ATM-26x1800x3600/T_1_26_1800_3600.f32#66,4194304,deflate,chunk=262144 level=5 shuffle=byte,1692794,1325.758667,1325.821855,33.038273,33.063404,1,1,
SDRBENCH-CESM-ATM-26x1800x3600/UU_1_26_1800_3600.f32#77,4194304,deflate,chunk=262144 level=5 shuffle=byte,2534089,1291.488647,1291.523246,33.217888,33.236259,1,1,
SDRBENCH-CESM-ATM-26x1800x3600/U_1_26_1800_3600.f32#87,4194304,deflate,chunk=262144 level=5 shuffle=byte,2300500,1320.744141,1320.778603,33.188896,33.207143,1,1,
SDRBENCH-CESM-ATM-26x1800x3600/VD01_1_26_1800_3600.f32#97,4194304,deflate,chunk=262144 level=5 shuffle=byte,3160805,599.973999,600.004938,33.323776,33.341895,1,1,
SDRBENCH-CESM-ATM-26x1800x3600/VQ_1_26_1800_3600.f32#108,4194304,deflate,chunk=262144 level=5 shuffle=byte,2986318,918.099548,918.131743,33.225536,33.244082,1,1,
SDRBENCH-CESM-ATM-26x1800x3600/VT_1_26_1800_3600.f32#118,4194304,deflate,chunk=262144 level=5 shuffle=byte,2660611,1034.584717,1034.617196,33.208130,33.226660,1,1,
SDRBENCH-CESM-ATM-26x1800x3600/VU_1_26_1800_3600.f32#128,4194304,deflate,chunk=262144 level=5 shuffle=byte,2793780,916.063293,916.092693,33.230400,33.248610,1,1,
SDRBENCH-CESM-ATM-26x1800x3600/VV_1_26_1800_3600.f32#139,4194304,deflate,chunk=262144 level=5 shuffle=byte,2792875,1102.216187,1102.250887,33.217026,33.234765,1,1,
SDRBENCH-CESM-ATM-26x1800x3600/V_1_26_1800_3600.f32#149,4194304,deflate,chunk=262144 level=5 shuffle=byte,2666930,1140.575562,1140.606065,33.229408,33.247829,1,1,
SDRBENCH-CESM-ATM-26x1800x3600/Z3_1_26_1800_3600.f32#160,2831360,deflate,chunk=262144 level=5 shuffle=byte,1355024,1252.595947,1252.627314,32.981056,32.999274,1,1,
SDRBENCH-CESM-ATM-26x1800x3600/CLDICE_1_26_1800_3600.f32#0,4194304,gdeflate,chunk=1048576 level=4 shuffle=byte,98616,1360.082397,1360.127404,19.068607,19.087290,1,1,
SDRBENCH-CESM-ATM-26x1800x3600/CLDLIQ_1_26_1800_3600.f32#10,4194304,gdeflate,chunk=1048576 level=4 shuffle=byte,2202144,1344.911133,1344.942235,34.477921,34.496288,1,1,
SDRBENCH-CESM-ATM-26x1800x3600/CLOUD_1_26_1800_3600.f32#20,4194304,gdeflate,chunk=1048576 level=4 shuffle=byte,66724,1336.230225,1336.269226,10.683584,10.701980,1,1,
SDRBENCH-CESM-ATM-26x1800x3600/CMFDQR_1_26_1800_3600.f32#31,4194304,gdeflate,chunk=1048576 level=4 shuffle=byte,66724,1336.102783,1336.135035,10.672128,10.690398,1,1,
SDRBENCH-CESM-ATM-26x1800x3600/CMFDQ_1_26_1800_3600.f32#41,4194304,gdeflate,chunk=1048576 level=4 shuffle=byte,1680516,1300.070801,1300.103430,32.935074,32.953147,1,1,
SDRBENCH-CESM-ATM-26x1800x3600/CMFDT_1_26_1800_3600.f32#51,4194304,gdeflate,chunk=1048576 level=4 shuffle=byte,1378780,1308.492676,1308.527792,30.536352,30.555265,1,1,
SDRBENCH-CESM-ATM-26x1800x3600/CONCLD_1_26_1800_3600.f32#62,4194304,gdeflate,chunk=1048576 level=4 shuffle=byte,79056,1366.017944,1366.049568,11.336704,11.354492,1,1,
SDRBENCH-CESM-ATM-26x1800x3600/DCQ_1_26_1800_3600.f32#72,4194304,gdeflate,chunk=1048576 level=4 shuffle=byte,3273968,1307.696411,1307.728576,38.753857,38.772159,1,1,
SDRBENCH-CESM-ATM-26x1800x3600/DTCOND_1_26_1800_3600.f32#82,4194304,gdeflate,chunk=1048576 level=4 shuffle=byte,3177392,1348.229858,1348.260161,42.951298,42.969863,1,1,
SDRBENCH-CESM-ATM-26x1800x3600/DTV_1_26_1800_3600.f32#93,4194304,gdeflate,chunk=1048576 level=4 shuffle=byte,2833340,1352.010620,1352.044931,37.582752,37.601756,1,1,
SDRBENCH-CESM-ATM-26x1800x3600/FICE_1_26_1800_3600.f32#103,4194304,gdeflate,chunk=1048576 level=4 shuffle=byte,1761340,1371.553467,1371.584598,36.909279,36.927563,1,1,
SDRBENCH-CESM-ATM-26x1800x3600/GCLDLWP_1_26_1800_3600.f32#113,4194304,gdeflate,chunk=1048576 level=4 shuffle=byte,3196660,1336.787354,1336.825448,42.577663,42.595822,1,1,
SDRBENCH-CESM-ATM-26x1800x3600/ICIMR_1_26_1800_3600.f32#124,4194304,gdeflate,chunk=1048576 level=4 shuffle=byte,3096168,1356.768311,1356.798157,43.563007,43.579645,1,1,
SDRBENCH-CESM-ATM-26x1800x3600/ICLDIWP_1_26_1800_3600.f32#134,4194304,gdeflate,chunk=1048576 level=4 shuffle=byte,3240384,1322.108765,1322.142840,39.756832,39.775058,1,1,
SDRBENCH-CESM-ATM-26x1800x3600/ICLDTWP_1_26_1800_3600.f32#144,4194304,gdeflate,chunk=1048576 level=4 shuffle=byte,3156492,1352.970947,1353.003047,43.132607,43.151053,1,1,
SDRBENCH-CESM-ATM-26x1800x3600/ICWMR_1_26_1800_3600.f32#155,4194304,gdeflate,chunk=1048576 level=4 shuffle=byte,3048376,1359.480347,1359.514536,44.444286,44.463341,1,1,
SDRBENCH-CESM-ATM-26x1800x3600/OMEGA_1_26_1800_3600.f32#4,4194304,gdeflate,chunk=1048576 level=4 shuffle=byte,3258416,1311.879028,1311.912774,39.475266,39.494142,1,1,
SDRBENCH-CESM-ATM-26x1800x3600/QC_1_26_1800_3600.f32#15,4194304,gdeflate,chunk=1048576 level=4 shuffle=byte,66724,1336.126221,1336.158808,10.680000,10.698263,1,1,
SDRBENCH-CESM-ATM-26x1800x3600/QRL_1_26_1800_3600.f32#25,4194304,gdeflate,chunk=1048576 level=4 shuffle=byte,1942068,1379.124023,1379.160241,42.398529,42.416647,1,1,
SDRBENCH-CESM-ATM-26x1800x3600/QRS_1_26_1800_3600.f32#35,4194304,gdeflate,chunk=1048576 level=4 shuffle=byte,2289484,1368.204346,1368.241475,37.357983,37.376174,1,1,
SDRBENCH-CESM-ATM-26x1800x3600/Q_1_26_1800_3600.f32#46,4194304,gdeflate,chunk=1048576 level=4 shuffle=byte,2370520,1366.743652,1366.777732,37.206337,37.224399,1,1,
SDRBENCH-CESM-ATM-26x1800x3600/RELHUM_1_26_1800_3600.f32#56,4194304,gdeflate,chunk=1048576 level=4 shuffle=byte,2212592,1374.002319,1374.032965,41.676319,41.694834,1,1,
SDRBENCH-CESM-ATM-26x1800x3600/T_1_26_1800_3600.f32#66,4194304,gdeflate,chunk=1048576 level=4 shuffle=byte,1721252,1389.920288,1389.951338,37.086945,37.105167,1,1,
SDRBENCH-CESM-ATM-26x1800x3600/UU_1_26_1800_3600.f32#77,4194304,gdeflate,chunk=1048576 level=4 shuffle=byte,2544524,1367.729980,1367.762297,37.451614,37.469939,1,1,
SDRBENCH-CESM-ATM-26x1800x3600/U_1_26_1800_3600.f32#87,4194304,gdeflate,chunk=1048576 level=4 shuffle=byte,2315420,1374.129517,1374.162929,40.021408,40.039483,1,1,
SDRBENCH-CESM-ATM-26x1800x3600/VD01_1_26_1800_3600.f32#97,4194304,gdeflate,chunk=1048576 level=4 shuffle=byte,3177340,1335.658569,1335.691784,42.990303,43.008756,1,1,
SDRBENCH-CESM-ATM-26x1800x3600/VQ_1_26_1800_3600.f32#108,4194304,gdeflate,chunk=1048576 level=4 shuffle=byte,3005256,1346.585083,1346.617483,41.473217,41.491473,1,1,
SDRBENCH-CESM-ATM-26x1800x3600/VT_1_26_1800_3600.f32#118,4194304,gdeflate,chunk=1048576 level=4 shuffle=byte,2674764,1363.518555,1363.551379,37.124672,37.142315,1,1,
SDRBENCH-CESM-ATM-26x1800x3600/VU_1_26_1800_3600.f32#128,4194304,gdeflate,chunk=1048576 level=4 shuffle=byte,2806376,1356.134155,1356.166803,37.631680,37.649806,1,1,
SDRBENCH-CESM-ATM-26x1800x3600/VV_1_26_1800_3600.f32#139,4194304,gdeflate,chunk=1048576 level=4 shuffle=byte,2807120,1367.232788,1367.319959,39.282848,39.302592,1,1,
SDRBENCH-CESM-ATM-26x1800x3600/V_1_26_1800_3600.f32#149,4194304,gdeflate,chunk=1048576 level=4 shuffle=byte,2679304,1360.133545,1360.168851,37.349983,37.368099,1,1,
SDRBENCH-CESM-ATM-26x1800x3600/Z3_1_26_1800_3600.f32#160,2831360,gdeflate,chunk=1048576 level=4 shuffle=byte,1375412,1168.901611,1168.933456,38.526463,38.544332,1,1,
SDRBENCH-CESM-ATM-26x1800x3600/CLDICE_1_26_1800_3600.f32#0,4194304,gdeflate,chunk=1048576 level=5 shuffle=byte,70536,5133.919922,5133.955553,7.308352,7.327477,1,1,
SDRBENCH-CESM-ATM-26x1800x3600/CLDLIQ_1_26_1800_3600.f32#10,4194304,gdeflate,chunk=1048576 level=5 shuffle=byte,2166856,3433.093018,3433.126941,31.996161,32.014809,1,1,
SDRBENCH-CESM-ATM-26x1800x3600/CLOUD_1_26_1800_3600.f32#20,4194304,gdeflate,chunk=1048576 level=5 shuffle=byte,37544,5102.255371,5102.350081,6.902848,6.923391,1,1,
SDRBENCH-CESM-ATM-26x1800x3600/CMFDQR_1_26_1800_3600.f32#31,4194304,gdeflate,chunk=1048576 level=5 shuffle=byte,37544,5102.500977,5102.537472,6.873824,6.892663,1,1,
SDRBENCH-CESM-ATM-26x1800x3600/CMFDQ_1_26_1800_3600.f32#41,4194304,gdeflate,chunk=1048576 level=5 shuffle=byte,1620892,2093.756592,2093.790642,27.609344,27.627549,1,1,
SDRBENCH-CESM-ATM-26x1800x3600/CMFDT_1_26_1800_3600.f32#51,4194304,gdeflate,chunk=1048576 level=5 shuffle=byte,1315768,2420.683594,2420.720223,24.422079,24.440749,1,1,
SDRBENCH-CESM-ATM-26x1800x3600/CONCLD_1_26_1800_3600.f32#62,4194304,gdeflate,chunk=1048576 level=5 shuffle=byte,50576,5136.593750,5136.631576,7.035040,7.054456,1,1,
SDRBENCH-CESM-ATM-26x1800x3600/DCQ_1_26_1800_3600.f32#72,4194304,gdeflate,chunk=1048576 level=5 shuffle=byte,3264564,1781.601196,1781.634769,38.613632,38.633308,1,1,
SDRBENCH-CESM-ATM-26x1800x3600/DTCOND_1_26_1800_3600.f32#82,4194304,gdeflate,chunk=1048576 level=5 shuffle=byte,3159080,2720.506592,2720.542249,42.744671,42.763166,1,1,
SDRBENCH-CESM-ATM-26x1800x3600/DTV_1_26_1800_3600.f32#93,4194304,gdeflate,chunk=1048576 level=5 shuffle=byte,2820432,3428.690918,3428.727229,37.639999,37.658822,1,1,
SDRBENCH-CESM-ATM-26x1800x3600/FICE_1_26_1800_3600.f32#103,4194304,gdeflate,chunk=1048576 level=5 shuffle=byte,1730744,5231.463379,5231.500019,34.437218,34.457164,1,1,
SDRBENCH-CESM-ATM-26x1800x3600/GCLDLWP_1_26_1800_3600.f32#113,4194304,gdeflate,chunk=1048576 level=5 shuffle=byte,3178852,2551.754395,2551.790859,42.390465,42.409573,1,1,
SDRBENCH-CESM-ATM-26x1800x3600/ICIMR_1_26_1800_3600.f32#124,4194304,gdeflate,chunk=1048576 level=5 shuffle=byte,3079160,2939.044434,2939.083027,43.363007,43.381584,1,1,
SDRBENCH-CESM-ATM-26x1800x3600/ICLDIWP_1_26_1800_3600.f32#134,4194304,gdeflate,chunk=1048576 level=5 shuffle=byte,3228788,2013.046631,2013.079974,39.652161,39.670752,1,1,
SDRBENCH-CESM-ATM-26x1800x3600/ICLDTWP_1_26_1800_3600.f32#144,4194304,gdeflate,chunk=1048576 level=5 shuffle=byte,3142056,3187.304199,3187.339117,42.921410,42.939757,1,1,
SDRBENCH-CESM-ATM-26x1800x3600/ICWMR_1_26_1800_3600.f32#155,4194304,gdeflate,chunk=1048576 level=5 shuffle=byte,3035040,3589.064941,3589.100742,44.259487,44.279527,1,1,
SDRBENCH-CESM-ATM-26x1800x3600/OMEGA_1_26_1800_3600.f32#4,4194304,gdeflate,chunk=1048576 level=5 shuffle=byte,3253120,1561.496338,1561.532605,39.344158,39.363196,1,1,
SDRBENCH-CESM-ATM-26x1800x3600/QC_1_26_1800_3600.f32#15,4194304,gdeflate,chunk=1048576 level=5 shuffle=byte,37544,5102.444336,5102.482429,6.883456,6.902501,1,1,
SDRBENCH-CESM-ATM-26x1800x3600/QRL_1_26_1800_3600.f32#25,4194304,gdeflate,chunk=1048576 level=5 shuffle=byte,1924736,5240.744629,5240.780294,41.741470,41.761138,1,1,
SDRBENCH-CESM-ATM-26x1800x3600/QRS_1_26_1800_3600.f32#35,4194304,gdeflate,chunk=1048576 level=5 shuffle=byte,2280632,5239.497070,5239.591278,37.460960,37.479867,1,1,
SDRBENCH-CESM-ATM-26x1800x3600/Q_1_26_1800_3600.f32#46,4194304,gdeflate,chunk=1048576 level=5 shuffle=byte,2363048,4891.572754,4891.609466,37.304768,37.323574,1,1,
SDRBENCH-CESM-ATM-26x1800x3600/RELHUM_1_26_1800_3600.f32#56,4194304,gdeflate,chunk=1048576 level=5 shuffle=byte,2202700,5228.366211,5228.403949,41.369793,41.388500,1,1,
SDRBENCH-CESM-ATM-26x1800x3600/T_1_26_1800_3600.f32#66,4194304,gdeflate,chunk=1048576 level=5 shuffle=byte,1695848,5245.093262,5245.130815,36.399010,36.418047,1,1,
SDRBENCH-CESM-ATM-26x1800x3600/UU_1_26_1800_3600.f32#77,4194304,gdeflate,chunk=1048576 level=5 shuffle=byte,2535412,4949.853516,4949.888941,37.498047,37.516816,1,1,
SDRBENCH-CESM-ATM-26x1800x3600/U_1_26_1800_3600.f32#87,4194304,gdeflate,chunk=1048576 level=5 shuffle=byte,2307540,5061.339355,5061.375877,39.979553,39.998415,1,1,
SDRBENCH-CESM-ATM-26x1800x3600/VD01_1_26_1800_3600.f32#97,4194304,gdeflate,chunk=1048576 level=5 shuffle=byte,3160272,2193.481445,2193.517261,42.882431,42.901554,1,1,
SDRBENCH-CESM-ATM-26x1800x3600/VQ_1_26_1800_3600.f32#108,4194304,gdeflate,chunk=1048576 level=5 shuffle=byte,2987184,2911.659668,2911.695202,41.302753,41.321544,1,1,
SDRBENCH-CESM-ATM-26x1800x3600/VT_1_26_1800_3600.f32#118,4194304,gdeflate,chunk=1048576 level=5 shuffle=byte,2657856,3824.117920,3824.214473,37.151810,37.172071,1,1,
SDRBENCH-CESM-ATM-26x1800x3600/VU_1_26_1800_3600.f32#128,4194304,gdeflate,chunk=1048576 level=5 shuffle=byte,2790824,3414.139648,3414.174067,37.476002,37.494404,1,1,
SDRBENCH-CESM-ATM-26x1800x3600/VV_1_26_1800_3600.f32#139,4194304,gdeflate,chunk=1048576 level=5 shuffle=byte,2791144,4072.968018,4073.004732,39.018433,39.042705,1,1,
SDRBENCH-CESM-ATM-26x1800x3600/V_1_26_1800_3600.f32#149,4194304,gdeflate,chunk=1048576 level=5 shuffle=byte,2665992,3985.406738,3985.442628,37.364834,37.384318,1,1,
SDRBENCH-CESM-ATM-26x1800x3600/Z3_1_26_1800_3600.f32#160,2831360,gdeflate,chunk=1048576 level=5 shuffle=byte,1360188,3541.396729,3541.432069,38.346462,38.365075,1,1,
SDRBENCH-CESM-ATM-26x1800x3600/CLDICE_1_26_1800_3600.f32#0,4194304,deflate,chunk=1048576 level=4 shuffle=byte,97867,1358.439087,1358.471816,18.903488,18.921459,1,1,
SDRBENCH-CESM-ATM-26x1800x3600/CLDLIQ_1_26_1800_3600.f32#10,4194304,deflate,chunk=1048576 level=4 shuffle=byte,2201396,1366.986328,1367.023206,107.452385,107.471544,1,1,
SDRBENCH-CESM-ATM-26x1800x3600/CLOUD_1_26_1800_3600.f32#20,4194304,deflate,chunk=1048576 level=4 shuffle=byte,65891,1336.215088,1336.250590,11.173248,11.191266,1,1,
SDRBENCH-CESM-ATM-26x1800x3600/CMFDQR_1_26_1800_3600.f32#31,4194304,deflate,chunk=1048576 level=4 shuffle=byte,65891,1336.087769,1336.119209,11.172832,11.190846,1,1,
SDRBENCH-CESM-ATM-26x1800x3600/CMFDQ_1_26_1800_3600.f32#41,4194304,deflate,chunk=1048576 level=4 shuffle=byte,1679769,1310.119873,1310.152501,65.230301,65.248600,1,1,
SDRBENCH-CESM-ATM-26x1800x3600/CMFDT_1_26_1800_3600.f32#51,4194304,deflate,chunk=1048576 level=4 shuffle=byte,1378044,1317.524536,1317.558826,54.074978,54.092740,1,1,
SDRBENCH-CESM-ATM-26x1800x3600/CONCLD_1_26_1800_3600.f32#62,4194304,deflate,chunk=1048576 level=4 shuffle=byte,78305,1365.854492,1365.886475,11.699616,11.717382,1,1,
SDRBENCH-CESM-ATM-26x1800x3600/DCQ_1_26_1800_3600.f32#72,4194304,deflate,chunk=1048576 level=4 shuffle=byte,3273241,1335.893799,1335.927138,133.589340,133.607628,1,1,
SDRBENCH-CESM-ATM-26x1800x3600/DTCOND_1_26_1800_3600.f32#82,4194304,deflate,chunk=1048576 level=4 shuffle=byte,3176646,1377.120117,1377.151511,133.551483,133.569386,1,1,
SDRBENCH-CESM-ATM-26x1800x3600/DTV_1_26_1800_3600.f32#93,4194304,deflate,chunk=1048576 level=4 shuffle=byte,2832592,1380.493652,1380.527806,132.880219,132.898690,1,1,
SDRBENCH-CESM-ATM-26x1800x3600/FICE_1_26_1800_3600.f32#103,4194304,deflate,chunk=1048576 level=4 shuffle=byte,1760564,1395.137573,1395.172632,110.689438,110.707595,1,1,
SDRBENCH-CESM-ATM-26x1800x3600/GCLDLWP_1_26_1800_3600.f32#113,4194304,deflate,chunk=1048576 level=4 shuffle=byte,3195901,1365.814331,1365.847022,133.541504,133.564447,1,1,
SDRBENCH-CESM-ATM-26x1800x3600/ICIMR_1_26_1800_3600.f32#124,4194304,deflate,chunk=1048576 level=4 shuffle=byte,3095441,1384.526855,1384.561412,133.648865,133.668412,1,1,
SDRBENCH-CESM-ATM-26x1800x3600/ICLDIWP_1_26_1800_3600.f32#134,4194304,deflate,chunk=1048576 level=4 shuffle=byte,3239583,1350.329712,1350.367742,133.478149,133.496379,1,1,
SDRBENCH-CESM-ATM-26x1800x3600/ICLDTWP_1_26_1800_3600.f32#144,4194304,deflate,chunk=1048576 level=4 shuffle=byte,3155743,1383.159790,1383.193210,133.554886,133.574777,1,1,
SDRBENCH-CESM-ATM-26x1800x3600/ICWMR_1_26_1800_3600.f32#155,4194304,deflate,chunk=1048576 level=4 shuffle=byte,3047615,1387.837524,1387.872205,133.597351,133.616915,1,1,
SDRBENCH-CESM-ATM-26x1800x3600/OMEGA_1_26_1800_3600.f32#4,4194304,deflate,chunk=1048576 level=4 shuffle=byte,3257649,1339.843750,1339.880084,133.557510,133.575638,1,1,
SDRBENCH-CESM-ATM-26x1800x3600/QC_1_26_1800_3600.f32#15,4194304,deflate,chunk=1048576 level=4 shuffle=byte,65891,1337.293091,1337.326701,11.182304,11.201636,1,1,
SDRBENCH-CESM-ATM-26x1800x3600/QRL_1_26_1800_3600.f32#25,4194304,deflate,chunk=1048576 level=4 shuffle=byte,1941316,1407.495972,1407.533790,131.893661,131.912692,1,1,
SDRBENCH-CESM-ATM-26x1800x3600/QRS_1_26_1800_3600.f32#35,4194304,deflate,chunk=1048576 level=4 shuffle=byte,2288716,1395.983154,1396.025420,132.537094,132.555587,1,1,
SDRBENCH-CESM-ATM-26x1800x3600/Q_1_26_1800_3600.f32#46,4194304,deflate,chunk=1048576 level=4 shuffle=byte,2369770,1395.444458,1395.491059,132.614746,132.640235,1,1,
SDRBENCH-CESM-ATM-26x1800x3600/RELHUM_1_26_1800_3600.f32#56,4194304,deflate,chunk=1048576 level=4 shuffle=byte,2211828,1399.588989,1399.638268,132.451645,132.471309,1,1,
SDRBENCH-CESM-ATM-26x1800x3600/T_1_26_1800_3600.f32#66,4194304,deflate,chunk=1048576 level=4 shuffle=byte,1720492,1417.438110,1417.485585,131.810974,131.830619,1,1,
SDRBENCH-CESM-ATM-26x1800x3600/UU_1_26_1800_3600.f32#77,4194304,deflate,chunk=1048576 level=4 shuffle=byte,2543787,1395.031250,1395.081702,132.947586,132.967709,1,1,
SDRBENCH-CESM-ATM-26x1800x3600/U_1_26_1800_3600.f32#87,4194304,deflate,chunk=1048576 level=4 shuffle=byte,2314686,1401.138550,1401.204643,132.562363,132.583679,1,1,
SDRBENCH-CESM-ATM-26x1800x3600/VD01_1_26_1800_3600.f32#97,4194304,deflate,chunk=1048576 level=4 shuffle=byte,3176555,1364.343872,1364.379513,133.522079,133.540241,1,1,
SDRBENCH-CESM-ATM-26x1800x3600/VQ_1_26_1800_3600.f32#108,4194304,deflate,chunk=1048576 level=4 shuffle=byte,3004488,1375.222900,1375.261670,133.287079,133.306844,1,1,
SDRBENCH-CESM-ATM-26x1800x3600/VT_1_26_1800_3600.f32#118,4194304,deflate,chunk=1048576 level=4 shuffle=byte,2674021,1389.093262,1389.130152,132.723495,132.742447,1,1,
SDRBENCH-CESM-ATM-26x1800x3600/VU_1_26_1800_3600.f32#128,4194304,deflate,chunk=1048576 level=4 shuffle=byte,2805639,1385.700562,1385.745741,132.846527,132.866339,1,1,
SDRBENCH-CESM-ATM-26x1800x3600/VV_1_26_1800_3600.f32#139,4194304,deflate,chunk=1048576 level=4 shuffle=byte,2806364,1393.253052,1393.296738,132.802216,132.822186,1,1,
SDRBENCH-CESM-ATM-26x1800x3600/V_1_26_1800_3600.f32#149,4194304,deflate,chunk=1048576 level=4 shuffle=byte,2678557,1387.084717,1387.120557,132.728027,132.746655,1,1,
SDRBENCH-CESM-ATM-26x1800x3600/Z3_1_26_1800_3600.f32#160,2831360,deflate,chunk=1048576 level=4 shuffle=byte,1374855,1195.270874,1195.308195,126.728416,126.747746,1,1,
SDRBENCH-CESM-ATM-26x1800x3600/CLDICE_1_26_1800_3600.f32#0,4194304,deflate,chunk=1048576 level=5 shuffle=byte,38202,5130.121582,5130.178375,4.592448,4.613553,1,1,
SDRBENCH-CESM-ATM-26x1800x3600/CLDLIQ_1_26_1800_3600.f32#10,4194304,deflate,chunk=1048576 level=5 shuffle=byte,2157046,3463.178711,3463.228741,105.622368,105.643659,1,1,
SDRBENCH-CESM-ATM-26x1800x3600/CLOUD_1_26_1800_3600.f32#20,4194304,deflate,chunk=1048576 level=5 shuffle=byte,4420,5104.122070,5104.236874,3.825120,3.845084,1,1,
SDRBENCH-CESM-ATM-26x1800x3600/CMFDQR_1_26_1800_3600.f32#31,4194304,deflate,chunk=1048576 level=5 shuffle=byte,4420,5103.916504,5103.972211,3.791584,3.812353,1,1,
SDRBENCH-CESM-ATM-26x1800x3600/CMFDQ_1_26_1800_3600.f32#41,4194304,deflate,chunk=1048576 level=5 shuffle=byte,1614351,2104.907715,2104.948543,61.059170,61.078248,1,1,
SDRBENCH-CESM-ATM-26x1800x3600/CMFDT_1_26_1800_3600.f32#51,4194304,deflate,chunk=1048576 level=5 shuffle=byte,1306616,2429.200439,2429.239021,48.912094,48.930379,1,1,
SDRBENCH-CESM-ATM-26x1800x3600/CONCLD_1_26_1800_3600.f32#62,4194304,deflate,chunk=1048576 level=5 shuffle=byte,17594,5133.976562,5134.023466,4.083040,4.102877,1,1,
SDRBENCH-CESM-ATM-26x1800x3600/DCQ_1_26_1800_3600.f32#72,4194304,deflate,chunk=1048576 level=5 shuffle=byte,3263431,1808.233276,1808.279563,133.584229,133.603803,1,1,
SDRBENCH-CESM-ATM-26x1800x3600/DTCOND_1_26_1800_3600.f32#82,4194304,deflate,chunk=1048576 level=5 shuffle=byte,3156654,2746.815674,2746.856166,133.570343,133.592050,1,1,
SDRBENCH-CESM-ATM-26x1800x3600/DTV_1_26_1800_3600.f32#93,4194304,deflate,chunk=1048576 level=5 shuffle=byte,2816296,3457.000732,3457.044590,132.966873,132.988048,1,1,
SDRBENCH-CESM-ATM-26x1800x3600/FICE_1_26_1800_3600.f32#103,4194304,deflate,chunk=1048576 level=5 shuffle=byte,1718324,5254.017090,5254.062866,109.235390,109.255957,1,1,
SDRBENCH-CESM-ATM-26x1800x3600/GCLDLWP_1_26_1800_3600.f32#113,4194304,deflate,chunk=1048576 level=5 shuffle=byte,3176565,2580.124023,2580.168131,133.548416,133.568847,1,1,
SDRBENCH-CESM-ATM-26x1800x3600/ICIMR_1_26_1800_3600.f32#124,4194304,deflate,chunk=1048576 level=5 shuffle=byte,3076411,2968.092773,2968.137179,133.643616,133.663884,1,1,
SDRBENCH-CESM-ATM-26x1800x3600/ICLDIWP_1_26_1800_3600.f32#134,4194304,deflate,chunk=1048576 level=5 shuffle=byte,3227370,2041.826172,2041.866521,133.446594,133.466304,1,1,
SDRBENCH-CESM-ATM-26x1800x3600/ICLDTWP_1_26_1800_3600.f32#144,4194304,deflate,chunk=1048576 level=5 shuffle=byte,3138384,3215.426025,3215.468767,133.572067,133.592802,1,1,
SDRBENCH-CESM-ATM-26x1800x3600/ICWMR_1_26_1800_3600.f32#155,4194304,deflate,chunk=1048576 level=5 shuffle=byte,3030616,3617.291748,3617.335631,133.601791,133.622297,1,1,
SDRBENCH-CESM-ATM-26x1800x3600/OMEGA_1_26_1800_3600.f32#4,4194304,deflate,chunk=1048576 level=5 shuffle=byte,3252326,1589.148560,1589.184506,133.562271,133.581641,1,1,
SDRBENCH-CESM-ATM-26x1800x3600/QC_1_26_1800_3600.f32#15,4194304,deflate,chunk=1048576 level=5 shuffle=byte,4420,5101.831543,5101.879025,3.796864,3.818544,1,1,
SDRBENCH-CESM-ATM-26x1800x3600/QRL_1_26_1800_3600.f32#25,4194304,deflate,chunk=1048576 level=5 shuffle=byte,1914580,5269.105957,5269.155112,131.992935,132.013934,1,1,
SDRBENCH-CESM-ATM-26x1800x3600/QRS_1_26_1800_3600.f32#35,4194304,deflate,chunk=1048576 level=5 shuffle=byte,2271788,5267.926270,5267.971904,132.664612,132.685241,1,1,
SDRBENCH-CESM-ATM-26x1800x3600/Q_1_26_1800_3600.f32#46,4194304,deflate,chunk=1048576 level=5 shuffle=byte,2355269,4919.955566,4919.998253,132.698593,132.719296,1,1,
SDRBENCH-CESM-ATM-26x1800x3600/RELHUM_1_26_1800_3600.f32#56,4194304,deflate,chunk=1048576 level=5 shuffle=byte,2193924,5255.217773,5255.260444,132.584290,132.605442,1,1,
SDRBENCH-CESM-ATM-26x1800x3600/T_1_26_1800_3600.f32#66,4194304,deflate,chunk=1048576 level=5 shuffle=byte,1683412,5273.063477,5273.109012,131.841568,131.862591,1,1,
SDRBENCH-CESM-ATM-26x1800x3600/UU_1_26_1800_3600.f32#77,4194304,deflate,chunk=1048576 level=5 shuffle=byte,2527724,4979.898926,4979.947743,132.783142,132.803043,1,1,
SDRBENCH-CESM-ATM-26x1800x3600/U_1_26_1800_3600.f32#87,4194304,deflate,chunk=1048576 level=5 shuffle=byte,2299435,5087.563477,5087.601279,132.611740,132.630469,1,1,
SDRBENCH-CESM-ATM-26x1800x3600/VD01_1_26_1800_3600.f32#97,4194304,deflate,chunk=1048576 level=5 shuffle=byte,3158849,2220.601318,2220.648172,133.514435,133.533461,1,1,
SDRBENCH-CESM-ATM-26x1800x3600/VQ_1_26_1800_3600.f32#108,4194304,deflate,chunk=1048576 level=5 shuffle=byte,2984109,2943.631592,2943.668460,133.255463,133.274136,1,1,
SDRBENCH-CESM-ATM-26x1800x3600/VT_1_26_1800_3600.f32#118,4194304,deflate,chunk=1048576 level=5 shuffle=byte,2652918,3852.715576,3852.757353,132.726181,132.745305,1,1,
SDRBENCH-CESM-ATM-26x1800x3600/VU_1_26_1800_3600.f32#128,4194304,deflate,chunk=1048576 level=5 shuffle=byte,2786752,3443.260498,3443.297592,132.864868,132.883393,1,1,
SDRBENCH-CESM-ATM-26x1800x3600/VV_1_26_1800_3600.f32#139,4194304,deflate,chunk=1048576 level=5 shuffle=byte,2785756,4108.349121,4108.386758,132.834564,132.853127,1,1,
SDRBENCH-CESM-ATM-26x1800x3600/V_1_26_1800_3600.f32#149,4194304,deflate,chunk=1048576 level=5 shuffle=byte,2660677,4015.991943,4016.027986,132.748154,132.767216,1,1,
SDRBENCH-CESM-ATM-26x1800x3600/Z3_1_26_1800_3600.f32#160,2831360,deflate,chunk=1048576 level=5 shuffle=byte,1353058,3569.751221,3569.788118,126.810081,126.828991,1,1,
