2026/10/02 03:15:24.628, 0 MiB
2026/10/02 03:15:25.129, 1717 MiB
2026/10/02 03:15:25.629, 1717 MiB
2026/10/02 03:15:26.129, 1717 MiB
2026/10/02 03:15:26.629, 3007 MiB
2026/10/02 03:15:27.129, 4909 MiB
2026/10/02 03:15:27.629, 4909 MiB
2026/10/02 03:15:28.130, 5557 MiB
2026/10/02 03:15:28.630, 8267 MiB
2026/10/02 03:15:29.130, 8267 MiB
2026/10/02 03:15:29.630, 8913 MiB
2026/10/02 03:15:30.130, 7223 MiB
2026/10/02 03:15:30.631, 7191 MiB
2026/10/02 03:15:31.131, 8477 MiB
2026/10/02 03:15:31.631, 9123 MiB
2026/10/02 03:15:32.131, 9643 MiB
2026/10/02 03:15:32.632, 11189 MiB
2026/10/02 03:15:33.132, 11837 MiB
2026/10/02 03:15:33.632, 12001 MiB
2026/10/02 03:15:34.132, 12001 MiB
2026/10/02 03:15:34.632, 11839 MiB
2026/10/02 03:15:35.132, 9453 MiB
2026/10/02 03:15:35.633, 11355 MiB
2026/10/02 03:15:36.134, 11355 MiB
2026/10/02 03:15:36.634, 12001 MiB
2026/10/02 03:15:37.134, 14067 MiB
2026/10/02 03:15:37.634, 14067 MiB
2026/10/02 03:15:38.134, 14713 MiB
2026/10/02 03:15:38.634, 14877 MiB
2026/10/02 03:15:39.135, 14877 MiB
2026/10/02 03:15:39.635, 12975 MiB
2026/10/02 03:15:40.151, 12681 MiB
2026/10/02 03:15:40.652, 14229 MiB
2026/10/02 03:15:41.152, 14231 MiB
2026/10/02 03:15:41.652, 15233 MiB
2026/10/02 03:15:42.152, 16941 MiB
2026/10/02 03:15:42.652, 16945 MiB
2026/10/02 03:15:43.152, 17591 MiB
2026/10/02 03:15:43.653, 15205 MiB
2026/10/02 03:15:44.153, 14539 MiB
2026/10/02 03:15:44.653, 14535 MiB
2026/10/02 03:15:45.153, 14535 MiB
2026/10/02 03:15:45.653, 0 MiB
2026/10/02 03:15:46.983, 0 MiB
2026/10/02 03:15:47.483, 469 MiB
2026/10/02 03:15:47.983, 753 MiB
2026/10/02 03:15:48.484, 1007 MiB
2026/10/02 03:15:48.984, 1233 MiB
2026/10/02 03:15:49.485, 1473 MiB
2026/10/02 03:15:49.985, 1675 MiB
2026/10/02 03:15:50.485, 1811 MiB
2026/10/02 03:15:50.986, 2035 MiB
2026/10/02 03:15:51.486, 2235 MiB
2026/10/02 03:15:51.986, 2427 MiB
2026/10/02 03:15:52.486, 2673 MiB
2026/10/02 03:15:52.987, 2867 MiB
2026/10/02 03:15:53.487, 3037 MiB
2026/10/02 03:15:53.987, 3037 MiB
2026/10/02 03:15:54.487, 3037 MiB
2026/10/02 03:15:54.987, 3037 MiB
2026/10/02 03:15:55.488, 3197 MiB
2026/10/02 03:15:55.988, 3397 MiB
2026/10/02 03:15:56.488, 3483 MiB
2026/10/02 03:15:56.988, 3757 MiB
2026/10/02 03:15:57.488, 3949 MiB
2026/10/02 03:15:57.989, 4159 MiB
2026/10/02 03:15:58.489, 4389 MiB
2026/10/02 03:15:58.989, 4557 MiB
2026/10/02 03:15:59.489, 4547 MiB
2026/10/02 03:15:59.990, 0 MiB
