workload,file,codec,variant,eb_rel,eb_abs,n,bytes_in,bytes_out,ratio,comp_ms,comp_wall_ms,decomp_ms,decomp_wall_ms,max_err,err_over_eb,psnr_db,nrmse,bound_ok,ok,constant,note
vpic,plt00000/fab0000_comp00_ex.f32,cuszp3,plain,0.01,0.00073194664,2097152,8388608,1449488,5.787290,0.1848,0.1945,0.1221,0.1316,0.000731945969,0.999999,44.8408,0.00572742,1,1,0,
vpic,plt00000/fab0000_comp00_ex.f32,cuszp3,plain,0.02,0.00146389328,2097152,8388608,1208104,6.943614,0.1817,0.1912,0.1101,0.1199,0.00146389194,0.999999,38.8197,0.0114555,1,1,0,
vpic,plt00000/fab0000_comp00_ex.f32,cuszp3,plain,0.03,0.00219583992,2097152,8388608,1078888,7.775235,0.1819,0.1914,0.1022,0.1118,0.0021958393,1.000000,35.2939,0.0171911,1,1,0,
vpic,plt00000/fab0000_comp00_ex.f32,cuszp3,outlier,0.01,0.00073194664,2097152,8388608,1449425,5.787542,0.2008,0.2104,0.1239,0.1335,0.000731945969,0.999999,44.8408,0.00572742,1,1,0,
vpic,plt00000/fab0000_comp00_ex.f32,cuszp3,outlier,0.02,0.00146389328,2097152,8388608,1208041,6.943976,0.1938,0.2034,0.1174,0.1267,0.00146389194,0.999999,38.8197,0.0114555,1,1,0,
vpic,plt00000/fab0000_comp00_ex.f32,cuszp3,outlier,0.03,0.00219583992,2097152,8388608,1078874,7.775336,0.2136,0.2233,0.1130,0.1226,0.0021958393,1.000000,35.2939,0.0171911,1,1,0,
vpic,plt00159/fab0000_comp15_rhof.f32,cuszp3,plain,0.01,0.0288048375,2097152,8388608,1427168,5.877800,0.1843,0.1946,0.1213,0.1309,0.0288048387,1.000000,44.8786,0.00570258,1,1,0,
vpic,plt00159/fab0000_comp15_rhof.f32,cuszp3,plain,0.02,0.0576096749,2097152,8388608,1185088,7.078468,0.1740,0.1833,0.1108,0.1197,0.0576096587,1.000000,38.8471,0.0114195,1,1,0,
vpic,plt00159/fab0000_comp15_rhof.f32,cuszp3,plain,0.03,0.0864145124,2097152,8388608,1075704,7.798249,0.1645,0.1736,0.0996,0.1086,0.0864144936,1.000000,35.3302,0.0171195,1,1,0,
vpic,plt00159/fab0000_comp15_rhof.f32,cuszp3,outlier,0.01,0.0288048375,2097152,8388608,1427133,5.877944,0.1863,0.1958,0.1279,0.1373,0.0288048387,1.000000,44.8786,0.00570258,1,1,0,
vpic,plt00159/fab0000_comp15_rhof.f32,cuszp3,outlier,0.02,0.0576096749,2097152,8388608,1185039,7.078761,0.1837,0.1925,0.1153,0.1248,0.0576096587,1.000000,38.8471,0.0114195,1,1,0,
vpic,plt00159/fab0000_comp15_rhof.f32,cuszp3,outlier,0.03,0.0864145124,2097152,8388608,1075690,7.798351,0.1769,0.1864,0.1066,0.1158,0.0864144936,1.000000,35.3302,0.0171195,1,1,0,
vpic,plt00319/fab0000_comp15_rhof.f32,cuszp3,plain,0.01,0.0287221253,2097152,8388608,1429392,5.868655,0.1741,0.1841,0.1262,0.1349,0.0287221223,1.000000,44.8709,0.00570763,1,1,0,
vpic,plt00319/fab0000_comp15_rhof.f32,cuszp3,plain,0.02,0.0574442506,2097152,8388608,1188032,7.060928,0.1711,0.1806,0.1095,0.1179,0.0574442446,1.000000,38.8504,0.011415,1,1,0,
vpic,plt00319/fab0000_comp15_rhof.f32,cuszp3,plain,0.03,0.0861663759,2097152,8388608,1075672,7.798481,0.1689,0.1780,0.1033,0.1128,0.0861663744,1.000000,35.3300,0.0171199,1,1,0,
vpic,plt00319/fab0000_comp15_rhof.f32,cuszp3,outlier,0.01,0.0287221253,2097152,8388608,1429364,5.868770,0.1972,0.2068,0.1244,0.1335,0.0287221223,1.000000,44.8709,0.00570763,1,1,0,
vpic,plt00319/fab0000_comp15_rhof.f32,cuszp3,outlier,0.02,0.0574442506,2097152,8388608,1187997,7.061136,0.1847,0.1938,0.1153,0.1249,0.0574442446,1.000000,38.8504,0.011415,1,1,0,
vpic,plt00319/fab0000_comp15_rhof.f32,cuszp3,outlier,0.03,0.0861663759,2097152,8388608,1075658,7.798583,0.1791,0.1888,0.1083,0.1174,0.0861663744,1.000000,35.3300,0.0171199,1,1,0,
